Period,Site,Hard Coral Cover,Hard Coral Cover_N,Hard Coral Cover_SD,Hard Coral Cover_SE,Hard Coral Cover_CI_low,Hard Coral Cover_CI_high,Hard Coral Cover_EB_low,Hard Coral Cover_EB_high,Soft Coral Cover,Soft Coral Cover_N,Soft Coral Cover_SD,Soft Coral Cover_SE,Soft Coral Cover_CI_low,Soft Coral Cover_CI_high,Soft Coral Cover_EB_low,Soft Coral Cover_EB_high,Fresh Algae Cover,Fresh Algae Cover_N,Fresh Algae Cover_SD,Fresh Algae Cover_SE,Fresh Algae Cover_CI_low,Fresh Algae Cover_CI_high,Fresh Algae Cover_EB_low,Fresh Algae Cover_EB_high,Rubble Cover,Rubble Cover_N,Rubble Cover_SD,Rubble Cover_SE,Rubble Cover_CI_low,Rubble Cover_CI_high,Rubble Cover_EB_low,Rubble Cover_EB_high,Bleaching,Bleaching_N,Bleaching_SD,Bleaching_SE,Bleaching_CI_low,Bleaching_CI_high,Bleaching_EB_low,Bleaching_EB_high
Autumn 2017,Andulay MPA,43.18,27,17.77,3.42,36.15,50.21,39.76,46.6,6.11,27,6.18,1.19,3.67,8.56,4.92,7.3,8.86,27,9.11,1.75,5.25,12.46,7.1,10.61,12.38,27,11.42,2.2,7.86,16.89,10.18,14.57,5.93,27,6.7,1.29,3.28,8.58,4.64,7.22
Autumn 2017,Antulang,42.45,16,14.02,3.51,34.98,49.92,38.94,45.95,9.17,16,7.39,1.85,5.23,13.11,7.32,11.01,9.58,16,7.94,1.99,5.35,13.81,7.6,11.57,4.53,16,5.11,1.28,1.81,7.25,3.25,5.81,2.5,16,1.83,0.46,1.53,3.47,2.04,2.96
Autumn 2017,Basak Can-Unsang MPA,33.08,10,13.25,4.19,23.61,42.56,28.89,37.27,2.75,10,1.52,0.48,1.66,3.84,2.27,3.23,8.08,10,4.46,1.41,4.89,11.28,6.67,9.49,4.75,10,5.27,1.67,0.98,8.52,3.08,6.42,2.17,10,3.22,1.02,0.0,4.47,1.15,3.19
Autumn 2017,Guinsuan MPA,22.8,14,15.03,4.02,14.12,31.47,18.78,26.81,8.1,14,20.4,5.45,0.0,19.88,2.64,13.55,13.99,14,8.86,2.37,8.87,19.1,11.62,16.36,3.69,14,4.28,1.14,1.22,6.16,2.55,4.84,2.68,14,3.88,1.04,0.44,4.92,1.64,3.72
Autumn 2017,Kookoos,40.25,10,20.11,6.36,25.86,54.64,33.89,46.61,19.33,10,8.4,2.66,13.33,25.34,16.68,21.99,7.58,10,7.45,2.36,2.26,12.91,5.23,9.94,6.0,10,8.1,2.56,0.21,11.79,3.44,8.56,3.58,10,3.09,0.98,1.37,5.8,2.6,4.56
Autumn 2017,Lutoban North MPA,38.19,24,20.76,4.24,29.43,46.96,33.96,42.43,16.42,24,21.32,4.35,7.42,25.43,12.07,20.78,9.31,24,7.55,1.54,6.12,12.49,7.76,10.85,8.65,24,8.07,1.65,5.24,12.05,7.0,10.29,3.26,24,3.58,0.73,1.75,4.77,2.53,3.99
Autumn 2017,Lutoban Pier,48.14,13,16.81,4.66,37.98,58.3,43.48,52.8,11.6,13,11.19,3.1,4.84,18.36,8.5,14.71,8.59,13,6.49,1.8,4.67,12.51,6.79,10.39,6.28,13,5.3,1.47,3.08,9.48,4.81,7.75,2.95,13,7.7,2.14,0.0,7.6,0.81,5.09
Autumn 2017,Maluay Malatapay MPA,37.07,25,15.37,3.07,30.72,43.41,33.99,40.14,0.63,25,1.37,0.27,0.07,1.2,0.36,0.91,18.17,25,11.52,2.3,13.41,22.92,15.86,20.47,8.07,25,8.69,1.74,4.48,11.65,6.33,9.8,3.07,25,4.78,0.96,1.09,5.04,2.11,4.02
Winter 17/18,Lutoban Pier,56.83,10,21.57,6.82,41.4,72.27,50.01,63.66,7.17,10,7.58,2.4,1.75,12.59,4.77,9.56,5.33,10,5.84,1.85,1.15,9.51,3.49,7.18,4.25,10,3.74,1.18,1.58,6.92,3.07,5.43,1.5,10,2.54,0.8,0.0,3.32,0.7,2.3
Winter 17/18,Lutoban North MPA,30.0,2,15.32,10.83,0.0,167.65,19.17,40.83,4.17,2,1.18,0.83,0.0,14.76,3.33,5.0,19.17,2,7.07,5.0,0.0,82.7,14.17,24.17,9.58,2,1.77,1.25,0.0,25.47,8.33,10.83,0.42,2,0.59,0.42,0.0,5.71,0.0,0.83
Winter 17/18,Kookoos,44.44,12,19.93,5.75,31.78,57.1,38.69,50.2,25.28,12,18.51,5.34,13.52,37.04,19.93,30.62,6.25,12,4.83,1.39,3.18,9.32,4.86,7.64,4.51,12,5.39,1.56,1.09,7.94,2.96,6.07,2.57,12,2.34,0.68,1.08,4.06,1.89,3.25
Winter 17/18,Guinsuan MPA,26.25,8,13.31,4.71,15.12,37.38,21.54,30.96,1.15,8,1.78,0.63,0.0,2.63,0.52,1.77,8.02,8,12.04,4.26,0.0,18.09,3.76,12.28,3.23,8,2.2,0.78,1.39,5.07,2.45,4.01,0.1,8,0.29,0.1,0.0,0.35,0.0,0.21
Winter 17/18,Basak Can-Unsang MPA,36.06,11,11.95,3.6,28.03,44.09,32.46,39.66,5.98,11,4.39,1.32,3.03,8.93,4.66,7.31,3.94,11,6.29,1.9,0.0,8.17,2.04,5.84,9.85,11,10.18,3.07,3.01,16.69,6.78,12.92,2.5,11,3.0,0.91,0.48,4.52,1.59,3.41
Winter 17/18,Antulang,31.88,4,13.51,6.76,10.37,53.38,25.12,38.63,6.04,4,2.92,1.46,1.4,10.68,4.58,7.5,10.83,4,8.19,4.1,0.0,23.87,6.74,14.93,7.08,4,5.83,2.92,0.0,16.37,4.17,10.0,1.46,4,1.72,0.86,0.0,4.19,0.6,2.32
Winter 17/18,Andulay MPA,41.67,2,2.36,1.67,20.49,62.84,40.0,43.33,7.08,2,5.3,3.75,0.0,54.73,3.33,10.83,9.58,2,1.77,1.25,0.0,25.47,8.33,10.83,17.5,2,5.89,4.17,0.0,70.44,13.33,21.67,2.92,2,0.59,0.42,0.0,8.21,2.5,3.33
Spring 2018,Maluay Malatapay MPA,29.35,18,13.6,3.2,22.59,36.11,26.15,32.56,0.05,18,0.2,0.05,0.0,0.14,0.0,0.09,27.04,18,17.24,4.06,18.46,35.61,22.97,31.1,11.25,18,10.29,2.43,6.13,16.37,8.82,13.68,0.97,18,1.65,0.39,0.15,1.79,0.58,1.36
Spring 2018,Lutoban Pier,51.97,19,16.52,3.79,44.01,59.94,48.18,55.76,6.8,19,8.03,1.84,2.93,10.67,4.96,8.64,7.46,19,5.79,1.33,4.67,10.25,6.13,8.78,4.52,19,5.58,1.28,1.83,7.21,3.24,5.8,3.33,19,4.82,1.11,1.01,5.66,2.23,4.44
Spring 2018,Lutoban North MPA,26.82,11,14.61,4.41,17.0,36.63,22.41,31.22,3.11,11,4.49,1.35,0.09,6.12,1.75,4.46,21.29,11,11.9,3.59,13.29,29.28,17.7,24.88,7.42,11,6.47,1.95,3.08,11.77,5.47,9.38,0.23,11,0.54,0.16,0.0,0.59,0.06,0.39
Spring 2018,Kookoos,40.07,25,12.03,2.41,35.1,45.03,37.66,42.47,14.4,25,12.49,2.5,9.24,19.56,11.9,16.9,14.5,25,9.68,1.94,10.5,18.5,12.56,16.44,4.23,25,4.38,0.88,2.42,6.04,3.36,5.11,2.37,25,2.9,0.58,1.17,3.57,1.79,2.95
Spring 2018,Guinsuan MPA,17.08,10,7.17,2.27,11.95,22.21,14.82,19.35,0.08,10,0.26,0.08,0.0,0.27,0.0,0.17,14.0,10,5.44,1.72,10.11,17.89,12.28,15.72,2.25,10,1.67,0.53,1.06,3.44,1.72,2.78,1.0,10,1.51,0.48,0.0,2.08,0.52,1.48
Spring 2018,Basak Can-Unsang MPA,26.76,18,13.08,3.08,20.25,33.27,23.68,29.84,10.79,18,14.31,3.37,3.67,17.9,7.41,14.16,18.7,18,14.31,3.37,11.59,25.82,15.33,22.08,6.94,18,7.8,1.84,3.07,10.82,5.11,8.78,0.97,18,2.27,0.54,0.0,2.1,0.44,1.51
Spring 2018,Antulang,28.07,28,12.6,2.38,23.18,32.95,25.69,30.45,7.05,28,6.34,1.2,4.6,9.51,5.86,8.25,21.93,28,9.89,1.87,18.1,25.77,20.07,23.8,5.27,28,4.47,0.84,3.54,7.0,4.42,6.11,0.36,28,0.77,0.14,0.06,0.65,0.21,0.5
Spring 2018,Andulay MPA,44.08,20,15.63,3.5,36.77,51.4,40.59,47.58,3.29,20,2.5,0.56,2.12,4.46,2.73,3.85,16.12,20,10.18,2.28,11.36,20.89,13.85,18.4,7.42,20,5.45,1.22,4.87,9.97,6.2,8.63,2.17,20,1.99,0.45,1.23,3.1,1.72,2.61
Spring 2018,Lutoban South MPA,28.89,6,6.62,2.7,21.94,35.83,26.19,31.59,16.39,6,14.57,5.95,1.09,31.68,10.44,22.34,13.89,6,6.66,2.72,6.9,20.88,11.17,16.61,8.89,6,10.05,4.1,0.0,19.44,4.79,12.99,1.39,6,1.14,0.46,0.19,2.58,0.92,1.85
Summer 2018,Andulay MPA,38.85,13,9.77,2.71,32.94,44.75,36.14,41.56,6.15,13,4.96,1.38,3.16,9.15,4.78,7.53,15.77,13,7.34,2.04,11.33,20.2,13.73,17.8,7.31,13,5.34,1.48,4.08,10.53,5.83,8.79,0.96,13,1.27,0.35,0.2,1.73,0.61,1.31
Summer 2018,Maluay Malatapay MPA,19.17,12,9.75,2.81,12.97,25.36,16.35,21.98,0.49,12,0.97,0.28,0.0,1.1,0.21,0.77,30.97,12,9.8,2.83,24.74,37.2,28.14,33.8,2.85,12,2.17,0.63,1.47,4.23,2.22,3.48,1.46,12,2.05,0.59,0.16,2.76,0.87,2.05
Summer 2018,Lutoban Pier,47.65,17,12.33,2.99,41.31,53.98,44.66,50.64,7.01,17,6.24,1.51,3.8,10.22,5.5,8.52,12.84,17,8.49,2.06,8.48,17.21,10.78,14.9,3.77,17,4.47,1.08,1.48,6.07,2.69,4.86,7.45,17,9.94,2.41,2.34,12.56,5.04,9.86
Summer 2018,Lutoban North MPA,31.46,16,15.57,3.89,23.16,39.76,27.56,35.35,5.36,16,2.87,0.72,3.84,6.89,4.65,6.08,16.15,16,11.52,2.88,10.01,22.28,13.27,19.03,4.53,16,3.12,0.78,2.87,6.19,3.75,5.31,0.99,16,1.26,0.32,0.32,1.66,0.67,1.31
Summer 2018,Antulang,26.94,6,10.08,4.11,16.37,37.52,22.83,31.06,11.53,6,7.08,2.89,4.1,18.96,8.64,14.42,24.31,6,10.76,4.39,13.02,35.59,19.91,28.7,9.44,6,10.78,4.4,0.0,20.76,5.04,13.85,2.64,6,2.81,1.15,0.0,5.59,1.49,3.79
Summer 2018,Guinsuan MPA,19.17,15,8.85,2.28,14.27,24.07,16.88,21.45,0.72,15,1.21,0.31,0.05,1.39,0.41,1.04,11.06,15,6.25,1.61,7.6,14.52,9.44,12.67,1.83,15,3.06,0.79,0.14,3.53,1.04,2.62,1.39,15,1.88,0.49,0.35,2.43,0.9,1.87
Summer 2018,Basak Can-Unsang MPA,28.44,8,13.73,4.85,16.96,39.91,23.58,33.29,4.48,8,7.89,2.79,0.0,11.08,1.69,7.27,12.4,8,3.29,1.16,9.65,15.14,11.23,13.56,5.83,8,3.45,1.22,2.95,8.72,4.61,7.05,2.4,8,3.82,1.35,0.0,5.59,1.05,3.75
Summer 2018,Kookoos,36.25,8,14.2,5.02,24.38,48.12,31.23,41.27,48.44,8,14.68,5.19,36.17,60.71,43.25,53.63,6.35,8,5.72,2.02,1.57,11.14,4.33,8.38,0.94,8,2.33,0.82,0.0,2.89,0.11,1.76,14.48,8,10.46,3.7,5.74,23.22,10.78,18.18
Autumn 2018,Lutoban Pier,39.52,14,17.87,4.77,29.21,49.84,34.75,44.3,12.92,14,7.97,2.13,8.31,17.52,10.79,15.05,11.67,14,6.0,1.6,8.2,15.13,10.06,13.27,5.6,14,4.97,1.33,2.72,8.47,4.27,6.92,4.7,14,8.79,2.35,0.0,9.78,2.35,7.05
Autumn 2018,Maluay Malatapay MPA,20.69,24,13.75,2.81,14.89,26.5,17.89,23.5,0.14,24,0.4,0.08,0.0,0.31,0.06,0.22,29.9,24,17.26,3.52,22.61,37.18,26.37,33.42,13.16,24,10.69,2.18,8.65,17.67,10.98,15.34,1.04,24,1.71,0.35,0.32,1.76,0.69,1.39
Autumn 2018,Kookoos,34.5,15,7.89,2.04,30.13,38.87,32.46,36.54,21.28,15,9.97,2.57,15.76,26.8,18.7,23.85,12.94,15,6.76,1.75,9.2,16.69,11.2,14.69,2.94,15,2.38,0.61,1.63,4.26,2.33,3.56,4.61,15,3.64,0.94,2.59,6.63,3.67,5.55
Autumn 2018,Guinsuan MPA,12.92,6,3.53,1.44,9.22,16.62,11.48,14.36,0.42,6,0.7,0.28,0.0,1.15,0.13,0.7,16.94,6,3.75,1.53,13.01,20.88,15.41,18.48,5.42,6,4.01,1.64,1.21,9.62,3.78,7.05,0.0,6,0.0,0.0,0.0,0.0,0.0,0.0
Autumn 2018,Basak Can-Unsang MPA,20.36,7,9.44,3.57,11.63,29.09,16.79,23.92,4.17,7,7.85,2.97,0.0,11.42,1.2,7.13,11.55,7,6.78,2.56,5.28,17.82,8.99,14.11,10.12,7,5.68,2.15,4.86,15.37,7.97,12.27,0.71,7,1.22,0.46,0.0,1.84,0.25,1.18
Autumn 2018,Antulang,29.93,12,10.65,3.07,23.16,36.7,26.86,33.01,10.14,12,7.49,2.16,5.38,14.9,7.98,12.3,16.53,12,10.19,2.94,10.06,23.0,13.59,19.47,6.18,12,2.9,0.84,4.34,8.02,5.34,7.02,1.39,12,2.67,0.77,0.0,3.08,0.62,2.16
Autumn 2018,Andulay MPA,41.93,19,10.1,2.32,37.06,46.8,39.61,44.25,4.87,19,4.27,0.98,2.81,6.93,3.89,5.85,17.06,19,9.01,2.07,12.72,21.4,15.0,19.13,7.98,19,7.93,1.82,4.16,11.81,6.16,9.8,5.66,19,5.16,1.18,3.17,8.14,4.47,6.84
Autumn 2018,Lutoban North MPA,33.33,14,15.32,4.09,24.49,42.18,29.24,37.43,3.63,14,2.69,0.72,2.08,5.18,2.91,4.35,15.54,14,11.03,2.95,9.17,21.9,12.59,18.48,11.96,14,9.91,2.65,6.24,17.68,9.32,14.61,0.54,14,1.16,0.31,0.0,1.21,0.23,0.85
Winter 18/19,Andulay MPA,41.44,15,10.25,2.65,35.77,47.12,38.8,44.09,3.78,15,2.8,0.72,2.23,5.33,3.06,4.5,17.72,15,6.93,1.79,13.88,21.56,15.93,19.51,9.28,15,6.28,1.62,5.8,12.76,7.66,10.9,3.56,15,4.66,1.2,0.98,6.13,2.35,4.76
Winter 18/19,Basak Can-Unsang MPA,20.3,14,6.06,1.62,16.8,23.8,18.68,21.92,1.96,14,3.15,0.84,0.15,3.78,1.12,2.8,19.88,14,10.3,2.75,13.93,25.83,17.13,22.63,12.14,14,6.5,1.74,8.39,15.9,10.41,13.88,0.89,14,1.06,0.28,0.28,1.5,0.61,1.18
Winter 18/19,Guinsuan MPA,14.65,12,7.91,2.28,9.63,19.68,12.37,16.94,0.14,12,0.48,0.14,0.0,0.44,0.0,0.28,19.17,12,10.99,3.17,12.18,26.15,15.99,22.34,2.29,12,2.54,0.73,0.68,3.91,1.56,3.03,1.6,12,2.74,0.79,0.0,3.34,0.81,2.39
Winter 18/19,Kookoos,43.43,18,10.38,2.45,38.27,48.59,40.98,45.87,18.33,18,9.64,2.27,13.54,23.13,16.06,20.61,12.45,18,8.0,1.89,8.48,16.43,10.57,14.34,2.45,18,4.05,0.95,0.44,4.47,1.5,3.41,1.71,18,2.42,0.57,0.51,2.91,1.14,2.28
Winter 18/19,Lutoban North MPA,31.08,20,14.21,3.18,24.43,37.73,27.91,34.26,7.0,20,7.63,1.71,3.43,10.57,5.29,8.71,21.29,20,16.14,3.61,13.74,28.85,17.68,24.9,6.96,20,7.22,1.61,3.58,10.34,5.34,8.57,1.58,20,1.75,0.39,0.76,2.4,1.19,1.97
Winter 18/19,Antulang,27.33,15,9.08,2.34,22.31,32.36,24.99,29.68,9.17,15,13.93,3.6,1.45,16.88,5.57,12.76,24.11,15,9.18,2.37,19.03,29.19,21.74,26.48,4.61,15,3.24,0.84,2.82,6.41,3.77,5.45,2.78,15,3.45,0.89,0.87,4.69,1.89,3.67
Winter 18/19,Lutoban Pier,40.04,20,14.04,3.14,33.47,46.61,36.9,43.18,9.04,20,6.24,1.39,6.12,11.96,7.65,10.44,21.08,20,13.94,3.12,14.56,27.61,17.97,24.2,1.54,20,2.99,0.67,0.14,2.94,0.87,2.21,3.67,20,8.43,1.88,0.0,7.61,1.78,5.55
Winter 18/19,Maluay Malatapay MPA,26.15,16,16.14,4.03,17.55,34.74,22.11,30.18,0.68,16,2.07,0.52,0.0,1.78,0.16,1.19,35.47,16,14.35,3.59,27.82,43.11,31.88,39.06,7.34,16,6.91,1.73,3.66,11.02,5.62,9.07,2.14,16,1.92,0.48,1.11,3.16,1.65,2.62
Spring 2019,Andulay MPA,42.98,19,9.44,2.17,38.43,47.53,40.82,45.15,5.26,19,5.56,1.28,2.58,7.94,3.99,6.54,16.49,19,7.07,1.62,13.08,19.9,14.87,18.11,12.24,19,11.08,2.54,6.89,17.58,9.69,14.78,4.43,19,3.8,0.87,2.6,6.26,3.56,5.3
Spring 2019,Antulang,23.89,12,14.6,4.21,14.61,33.17,19.67,28.1,5.62,12,4.78,1.38,2.59,8.66,4.24,7.01,22.36,12,12.21,3.52,14.6,30.12,18.84,25.89,6.67,12,6.7,1.94,2.41,10.93,4.73,8.6,1.04,12,1.29,0.37,0.22,1.86,0.67,1.41
Spring 2019,Basak Can-Unsang MPA,23.33,10,9.18,2.9,16.77,29.9,20.43,26.24,7.25,10,13.26,4.19,0.0,16.73,3.06,11.44,12.17,10,5.79,1.83,8.03,16.31,10.34,14.0,10.58,10,8.87,2.81,4.24,16.93,7.78,13.39,0.58,10,0.88,0.28,0.0,1.21,0.3,0.86
Spring 2019,Dalakit MPA,43.12,4,24.39,12.2,4.31,81.94,30.93,55.32,0.21,4,0.42,0.21,0.0,0.87,0.0,0.42,23.96,4,12.88,6.44,3.46,44.45,17.52,30.4,0.62,4,1.25,0.62,0.0,2.61,0.0,1.25,0.83,4,0.68,0.34,0.0,1.92,0.49,1.17
Spring 2019,Guinsuan MPA,12.22,12,5.63,1.63,8.64,15.8,10.6,13.85,0.42,12,0.75,0.22,0.0,0.9,0.2,0.63,12.85,12,8.36,2.41,7.54,18.16,10.43,15.26,5.0,12,5.53,1.6,1.49,8.51,3.4,6.6,0.42,12,0.75,0.22,0.0,0.9,0.2,0.63
Spring 2019,Kookoos,44.17,15,14.69,3.79,36.03,52.3,40.37,47.96,20.78,15,12.17,3.14,14.04,27.52,17.64,23.92,16.11,15,10.84,2.8,10.11,22.11,13.31,18.91,2.0,15,2.2,0.57,0.78,3.22,1.43,2.57,2.28,15,3.61,0.93,0.28,4.28,1.35,3.21
Spring 2019,Lutoban North MPA,25.97,18,11.0,2.59,20.5,31.44,23.38,28.57,12.31,18,9.79,2.31,7.45,17.18,10.01,14.62,20.37,18,9.57,2.26,15.61,25.13,18.11,22.63,6.16,18,6.32,1.49,3.01,9.3,4.67,7.65,2.82,18,3.16,0.74,1.25,4.39,2.08,3.57
Spring 2019,Lutoban Pier,47.5,12,22.01,6.35,33.52,61.48,41.15,53.85,9.31,12,8.23,2.38,4.07,14.54,6.93,11.68,15.9,12,12.41,3.58,8.02,23.79,12.32,19.49,1.46,12,2.52,0.73,0.0,3.06,0.73,2.18,7.92,12,11.81,3.41,0.41,15.42,4.51,11.33
Spring 2019,Maluay Malatapay MPA,21.85,14,10.91,2.92,15.55,28.14,18.93,24.76,0.12,14,0.3,0.08,0.0,0.29,0.04,0.2,33.45,14,10.99,2.94,27.11,39.8,30.51,36.39,12.56,14,8.51,2.27,7.65,17.47,10.29,14.83,0.77,14,1.15,0.31,0.11,1.44,0.47,1.08
Spring 2019,Salag MPA,25.42,14,13.95,3.73,17.36,33.47,21.69,29.15,26.07,14,19.28,5.15,14.94,37.2,20.92,31.22,21.49,14,12.44,3.33,14.3,28.67,18.16,24.81,1.25,14,1.49,0.4,0.39,2.11,0.85,1.65,4.46,14,5.11,1.37,1.51,7.42,3.1,5.83
Summer 2019,Andulay MPA,33.83,20,11.54,2.58,28.43,39.24,31.25,36.41,5.29,20,4.08,0.91,3.38,7.2,4.38,6.2,11.88,20,5.23,1.17,9.43,14.32,10.7,13.05,18.17,20,11.09,2.48,12.98,23.36,15.69,20.65,0.92,20,1.6,0.36,0.17,1.66,0.56,1.27
Summer 2019,Antulang,21.22,15,10.8,2.79,15.24,27.2,18.43,24.01,9.83,15,6.52,1.68,6.22,13.44,8.15,11.52,16.61,15,9.46,2.44,11.37,21.85,14.17,19.05,13.78,15,9.27,2.39,8.64,18.91,11.38,16.17,1.39,15,1.98,0.51,0.29,2.49,0.88,1.9
Summer 2019,Basak Can-Unsang MPA,17.83,10,5.75,1.82,13.72,21.95,16.02,19.65,2.67,10,2.96,0.94,0.55,4.78,1.73,3.6,13.0,10,5.24,1.66,9.25,16.75,11.34,14.66,16.83,10,9.97,3.15,9.7,23.96,13.68,19.99,1.08,10,1.8,0.57,0.0,2.37,0.51,1.65
Summer 2019,Dalakit MPA,53.33,4,15.2,7.6,29.15,77.52,45.73,60.93,0.42,4,0.48,0.24,0.0,1.18,0.18,0.66,12.71,4,5.24,2.62,4.37,21.05,10.09,15.33,1.25,4,2.5,1.25,0.0,5.23,0.0,2.5,1.04,4,1.58,0.79,0.0,3.55,0.25,1.83
Summer 2019,Guinsuan MPA,13.33,8,6.32,2.23,8.05,18.61,11.1,15.57,0.0,8,0.0,0.0,0.0,0.0,0.0,0.0,11.88,8,10.94,3.87,2.73,21.02,8.01,15.74,5.73,8,8.02,2.84,0.0,12.44,2.89,8.57,0.31,8,0.62,0.22,0.0,0.83,0.09,0.53
Summer 2019,Kookoos,39.93,12,9.06,2.61,34.18,45.68,37.32,42.54,20.21,12,13.51,3.9,11.62,28.79,16.31,24.11,14.58,12,5.18,1.5,11.29,17.87,13.09,16.08,2.85,12,3.28,0.95,0.76,4.93,1.9,3.8,3.33,12,3.64,1.05,1.02,5.65,2.28,4.38
Summer 2019,Lutoban North MPA,32.33,20,11.7,2.62,26.86,37.81,29.72,34.95,7.46,20,7.36,1.65,4.01,10.9,5.81,9.1,11.54,20,5.61,1.25,8.92,14.17,10.29,12.8,12.88,20,5.93,1.33,10.1,15.65,11.55,14.2,1.04,20,1.89,0.42,0.16,1.93,0.62,1.46
Summer 2019,Lutoban Pier,41.25,12,14.3,4.13,32.17,50.33,37.12,45.38,14.1,12,9.56,2.76,8.02,20.17,11.34,16.86,9.37,12,7.28,2.1,4.75,14.0,7.27,11.48,9.1,12,6.34,1.83,5.07,13.13,7.27,10.93,0.97,12,1.22,0.35,0.2,1.75,0.62,1.33
Summer 2019,Maluay Malatapay MPA,22.37,19,12.39,2.84,16.4,28.34,19.53,25.21,0.48,19,1.01,0.23,0.0,0.97,0.25,0.71,20.79,19,8.96,2.06,16.47,25.11,18.73,22.85,25.39,19,14.55,3.34,18.38,32.41,22.06,28.73,0.88,19,1.06,0.24,0.37,1.39,0.63,1.12
Summer 2019,Salag MPA,30.38,11,10.72,3.23,23.18,37.58,27.15,33.61,28.41,11,12.52,3.78,19.99,36.82,24.63,32.19,8.48,11,4.67,1.41,5.35,11.62,7.08,9.89,4.02,11,3.39,1.02,1.74,6.29,2.99,5.04,0.61,11,1.06,0.32,0.0,1.32,0.29,0.93
Autumn 2019,Lutoban Pier,44.38,20,15.24,3.41,37.24,51.51,40.97,47.78,9.04,20,7.6,1.7,5.48,12.6,7.34,10.74,10.79,20,6.14,1.37,7.92,13.66,9.42,12.16,6.42,20,5.55,1.24,3.82,9.01,5.18,7.66,11.42,20,9.88,2.21,6.79,16.04,9.21,13.62
Autumn 2019,Lutoban South MPA,29.31,12,12.63,3.65,21.28,37.33,25.66,32.95,17.43,12,13.08,3.78,9.12,25.74,13.65,21.21,10.14,12,3.92,1.13,7.65,12.63,9.01,11.27,7.57,12,7.52,2.17,2.79,12.35,5.4,9.74,9.38,12,11.44,3.3,2.1,16.65,6.07,12.68
Autumn 2019,Antulang,22.81,16,12.91,3.23,15.93,29.69,19.58,26.04,6.72,16,7.47,1.87,2.74,10.7,4.85,8.59,19.53,16,5.98,1.49,16.35,22.72,18.04,21.03,9.84,16,6.1,1.52,6.6,13.09,8.32,11.37,1.77,16,2.11,0.53,0.65,2.89,1.24,2.3
Autumn 2019,Basak Can-Unsang MPA,28.01,13,15.55,4.31,18.62,37.41,23.7,32.32,3.72,13,5.51,1.53,0.39,7.05,2.19,5.25,11.15,13,8.54,2.37,5.99,16.32,8.78,13.52,6.28,13,6.34,1.76,2.45,10.12,4.52,8.04,2.37,13,2.07,0.57,1.12,3.62,1.8,2.94
Autumn 2019,Dalakit MPA,51.87,4,22.95,11.47,15.36,88.39,40.4,63.35,0.83,4,1.67,0.83,0.0,3.49,0.0,1.67,9.58,4,7.12,3.56,0.0,20.91,6.02,13.14,4.17,4,2.36,1.18,0.42,7.92,2.99,5.35,0.62,4,0.42,0.21,0.0,1.29,0.42,0.83
Autumn 2019,Guinsuan MPA,12.99,12,8.89,2.57,7.34,18.64,10.42,15.55,0.42,12,0.83,0.24,0.0,0.95,0.18,0.66,17.5,12,5.55,1.6,13.97,21.03,15.9,19.1,8.4,12,6.76,1.95,4.11,12.7,6.45,10.35,0.49,12,1.44,0.42,0.0,1.4,0.07,0.9
Autumn 2019,Kookoos,36.67,17,7.79,1.89,32.66,40.67,34.78,38.56,25.0,17,11.45,2.78,19.11,30.89,22.22,27.78,10.93,17,5.46,1.32,8.13,13.74,9.61,12.25,3.53,17,4.92,1.19,1.0,6.06,2.34,4.72,2.6,17,2.93,0.71,1.09,4.1,1.89,3.31
Autumn 2019,Lutoban North MPA,32.59,19,12.27,2.81,26.67,38.5,29.77,35.4,5.48,19,3.71,0.85,3.69,7.27,4.63,6.33,14.25,19,5.85,1.34,11.44,17.07,12.91,15.6,10.0,19,8.08,1.85,6.11,13.89,8.15,11.85,7.85,19,6.06,1.39,4.93,10.77,6.46,9.24
Autumn 2019,Andulay MPA,38.33,12,7.73,2.23,33.42,43.24,36.1,40.56,8.75,12,3.72,1.07,6.39,11.11,7.68,9.82,13.96,12,6.78,1.96,9.65,18.27,12.0,15.92,7.71,12,5.34,1.54,4.31,11.1,6.17,9.25,2.57,12,3.25,0.94,0.51,4.63,1.63,3.51
Autumn 2019,Salag MPA,35.76,11,11.82,3.56,27.82,43.7,32.19,39.32,25.38,11,12.77,3.85,16.8,33.96,21.53,29.23,7.12,11,5.03,1.52,3.74,10.5,5.6,8.64,3.86,11,3.75,1.13,1.34,6.38,2.73,4.99,13.03,11,6.92,2.09,8.38,17.68,10.94,15.12
Autumn 2019,Maluay Malatapay MPA,23.33,17,13.89,3.37,16.19,30.47,19.97,26.7,0.1,17,0.28,0.07,0.0,0.24,0.03,0.17,31.23,17,12.46,3.02,24.82,37.63,28.2,34.25,10.83,17,8.82,2.14,6.3,15.37,8.69,12.97,1.37,17,2.22,0.54,0.23,2.52,0.83,1.91
Winter 19/20,Maluay Malatapay MPA,19.46,14,10.88,2.91,13.18,25.75,16.56,22.37,0.3,14,0.7,0.19,0.0,0.7,0.11,0.49,35.42,14,12.97,3.47,27.93,42.91,31.95,38.88,12.02,14,8.17,2.18,7.31,16.74,9.84,14.21,4.35,14,3.95,1.06,2.06,6.63,3.29,5.4
Winter 19/20,Salag MPA,29.58,14,16.4,4.38,20.11,39.05,25.2,33.97,27.26,14,9.74,2.6,21.64,32.88,24.66,29.86,16.19,14,10.48,2.8,10.14,22.24,13.39,18.99,4.29,14,4.75,1.27,1.55,7.03,3.02,5.55,3.45,14,4.52,1.21,0.85,6.06,2.25,4.66
Winter 19/20,Lutoban North MPA,25.2,21,10.27,2.24,20.52,29.87,22.96,27.44,6.63,21,3.43,0.75,5.07,8.19,5.88,7.38,21.39,21,6.72,1.47,18.33,24.45,19.92,22.85,8.69,21,4.18,0.91,6.79,10.59,7.78,9.6,2.9,21,2.93,0.64,1.56,4.23,2.26,3.54
Winter 19/20,Dalakit MPA,26.79,7,16.54,6.25,11.48,42.09,20.53,33.04,1.07,7,1.42,0.54,0.0,2.38,0.53,1.61,39.88,7,21.21,8.02,20.26,59.5,31.86,47.9,0.12,7,0.31,0.12,0.0,0.41,0.0,0.24,7.38,7,8.26,3.12,0.0,15.02,4.26,10.5
Winter 19/20,Guinsuan MPA,13.19,12,7.83,2.26,8.22,18.17,10.93,15.46,0.49,12,1.03,0.3,0.0,1.14,0.19,0.78,20.21,12,5.54,1.6,16.69,23.73,18.61,21.81,6.53,12,6.48,1.87,2.41,10.65,4.66,8.4,1.11,12,1.72,0.5,0.02,2.2,0.62,1.61
Winter 19/20,Lutoban South MPA,26.94,12,11.47,3.31,19.66,34.23,23.63,30.25,13.06,12,9.65,2.79,6.93,19.19,10.27,15.84,14.31,12,8.25,2.38,9.06,19.55,11.92,16.69,11.32,12,5.46,1.58,7.85,14.79,9.74,12.9,3.4,12,3.63,1.05,1.1,5.71,2.35,4.45
Winter 19/20,Basak Can-Unsang MPA,21.67,13,11.25,3.12,14.87,28.46,18.55,24.79,1.73,13,2.08,0.58,0.47,2.99,1.15,2.31,13.08,13,4.07,1.13,10.62,15.54,11.95,14.21,11.99,13,8.78,2.44,6.68,17.29,9.55,14.42,1.15,13,1.2,0.33,0.43,1.88,0.82,1.49
Winter 19/20,Antulang,25.78,15,11.39,2.94,19.47,32.09,22.84,28.72,6.22,15,4.03,1.04,3.99,8.46,5.18,7.26,23.89,15,8.22,2.12,19.34,28.44,21.77,26.01,4.94,15,4.37,1.13,2.52,7.36,3.82,6.07,4.61,15,4.12,1.06,2.33,6.89,3.55,5.67
Winter 19/20,Andulay MPA,28.61,12,10.05,2.9,22.22,35.0,25.71,31.51,9.31,12,5.56,1.61,5.77,12.84,7.7,10.91,20.14,12,7.54,2.18,15.35,24.93,17.96,22.31,9.93,12,9.49,2.74,3.9,15.96,7.19,12.67,4.03,12,4.52,1.3,1.16,6.9,2.72,5.33
Winter 19/20,Kookoos,40.19,13,16.62,4.61,30.15,50.23,35.58,44.8,15.26,13,10.23,2.84,9.07,21.44,12.42,18.09,13.59,13,4.53,1.26,10.85,16.33,12.33,14.85,5.45,13,5.69,1.58,2.01,8.89,3.87,7.03,6.28,13,4.73,1.31,3.42,9.14,4.97,7.59
Winter 19/20,Lutoban Pier,48.47,18,17.58,4.14,39.73,57.22,44.33,52.62,10.79,18,11.84,2.79,4.9,16.67,8.0,13.58,11.34,18,6.39,1.51,8.16,14.52,9.84,12.85,2.78,18,3.18,0.75,1.19,4.36,2.03,3.53,10.74,18,11.31,2.67,5.12,16.36,8.08,13.41
Spring 2021,Andulay MPA,42.5,9,9.37,3.12,35.3,49.7,39.38,45.62,8.33,9,5.42,1.81,4.17,12.5,6.53,10.14,19.54,9,8.29,2.76,13.16,25.91,16.77,22.3,6.48,9,7.29,2.43,0.88,12.08,4.05,8.91,13.61,9,8.54,2.85,7.05,20.17,10.76,16.46
Spring 2021,Lutoban South MPA,43.33,1,,,,,,,12.5,1,,,,,,,11.67,1,,,,,,,4.17,1,,,,,,,19.17,1,,,,,,
Spring 2021,Lutoban Pier,48.83,5,26.35,11.78,16.12,81.55,37.05,60.62,9.17,5,4.56,2.04,3.5,14.83,7.13,11.21,9.17,5,12.02,5.37,0.0,24.09,3.79,14.54,5.67,5,5.05,2.26,0.0,11.94,3.41,7.92,17.0,5,19.73,8.83,0.0,41.5,8.17,25.83
Spring 2021,Lutoban North MPA,32.12,13,13.84,3.84,23.75,40.48,28.28,35.95,9.17,13,10.97,3.04,2.54,15.79,6.13,12.21,11.67,13,6.36,1.77,7.82,15.51,9.9,13.43,8.14,13,4.87,1.35,5.2,11.09,6.79,9.49,9.36,13,7.77,2.16,4.66,14.06,7.2,11.52
Spring 2021,Guinsuan MPA,15.28,6,5.52,2.25,9.49,21.07,13.02,17.53,0.56,6,0.68,0.28,0.0,1.27,0.28,0.83,12.36,6,4.93,2.01,7.19,17.53,10.35,14.37,8.33,6,2.53,1.03,5.68,10.99,7.3,9.37,2.22,6,2.22,0.9,0.0,4.55,1.32,3.13
Spring 2021,Maluay Malatapay MPA,33.03,11,13.83,4.17,23.74,42.32,28.86,37.2,0.0,11,0.0,0.0,0.0,0.0,0.0,0.0,24.09,11,4.24,1.28,21.24,26.94,22.81,25.37,7.12,11,6.89,2.08,2.5,11.75,5.05,9.2,8.56,11,3.5,1.05,6.21,10.91,7.51,9.62
Spring 2022,Andulay MPA,30.64,17,9.79,2.37,25.6,35.67,28.26,33.01,11.37,17,10.15,2.46,6.15,16.59,8.91,13.84,16.96,17,8.45,2.05,12.62,21.31,14.91,19.01,10.64,17,5.43,1.32,7.85,13.43,9.32,11.95,8.09,17,5.63,1.36,5.2,10.98,6.72,9.45
Spring 2022,BANGCOLUTAN,29.58,4,12.5,6.25,9.69,49.47,23.33,35.83,13.33,4,13.26,6.63,0.0,34.44,6.7,19.97,33.12,4,18.54,9.27,3.63,62.62,23.86,42.39,8.96,4,8.18,4.09,0.0,21.97,4.87,13.05,0.0,4,0.0,0.0,0.0,0.0,0.0,0.0
Spring 2022,Dalakit MPA,28.96,4,7.5,3.75,17.03,40.89,25.21,32.71,0.42,4,0.83,0.42,0.0,1.74,0.0,0.83,30.83,4,19.74,9.87,0.0,62.25,20.96,40.71,4.17,4,2.04,1.02,0.92,7.41,3.15,5.19,0.83,4,0.68,0.34,0.0,1.92,0.49,1.17
Spring 2022,Lutoban South MPA,19.03,12,6.8,1.96,14.71,23.35,17.07,20.99,17.36,12,12.92,3.73,9.15,25.57,13.63,21.09,20.49,12,8.33,2.4,15.19,25.78,18.08,22.89,10.07,12,9.03,2.61,4.33,15.81,7.46,12.68,4.79,12,4.04,1.17,2.23,7.36,3.63,5.96
Spring 2022,Lutoban Pier,48.47,18,20.09,4.74,38.48,58.46,43.74,53.21,4.03,18,4.31,1.02,1.89,6.17,3.01,5.04,14.91,18,12.08,2.85,8.9,20.91,12.06,17.75,6.48,18,7.06,1.66,2.97,9.99,4.82,8.14,3.52,18,2.5,0.59,2.27,4.76,2.93,4.11
Spring 2022,Lutoban North MPA,26.44,22,10.07,2.15,21.97,30.9,24.29,28.59,9.62,22,8.32,1.77,5.93,13.31,7.85,11.4,19.66,22,7.47,1.59,16.35,22.97,18.07,21.25,10.95,22,7.46,1.59,7.64,14.25,9.36,12.54,6.74,22,5.25,1.12,4.41,9.07,5.62,7.86
Spring 2022,Latason MPA,18.54,4,10.42,5.21,1.97,35.12,13.33,23.75,15.21,4,23.4,11.7,0.0,52.44,3.51,26.91,14.17,4,7.85,3.92,1.68,26.65,10.24,18.09,8.12,4,7.34,3.67,0.0,19.8,4.45,11.8,0.0,4,0.0,0.0,0.0,0.0,0.0,0.0
Spring 2022,Kookoos,47.45,18,9.18,2.16,42.89,52.02,45.29,49.62,14.44,18,8.89,2.1,10.02,18.86,12.35,16.54,11.67,18,5.46,1.29,8.95,14.38,10.38,12.95,3.89,18,4.96,1.17,1.42,6.35,2.72,5.06,12.36,18,10.96,2.58,6.91,17.81,9.78,14.95
Spring 2022,Guinsuan MPA,17.22,9,3.63,1.21,14.43,20.01,16.01,18.43,0.19,9,0.37,0.12,0.0,0.47,0.06,0.31,20.37,9,6.28,2.09,15.54,25.2,18.28,22.46,5.83,9,2.28,0.76,4.08,7.59,5.07,6.59,2.13,9,1.45,0.48,1.02,3.24,1.65,2.61
Spring 2022,Maluay Malatapay MPA,27.47,24,12.44,2.54,22.21,32.72,24.93,30.0,1.25,24,3.74,0.76,0.0,2.83,0.49,2.01,26.04,24,8.04,1.64,22.65,29.44,24.4,27.68,16.42,24,6.61,1.35,13.63,19.21,15.07,17.77,4.76,24,4.4,0.9,2.9,6.61,3.86,5.65
Spring 2022,Basak Can-Unsang MPA,21.06,18,11.8,2.78,15.2,26.93,18.28,23.85,4.95,18,6.34,1.5,1.8,8.11,3.46,6.45,11.34,18,8.27,1.95,7.23,15.46,9.39,13.29,14.35,18,8.66,2.04,10.05,18.66,12.31,16.39,2.96,18,2.99,0.7,1.48,4.45,2.26,3.67
Summer 2022,Latason MPA,25.0,6,8.01,3.27,16.59,33.41,21.73,28.27,14.03,6,9.82,4.01,3.72,24.34,10.02,18.04,20.83,6,10.74,4.38,9.57,32.1,16.45,25.22,7.08,6,7.69,3.14,0.0,15.15,3.94,10.22,3.89,6,1.8,0.73,2.0,5.78,3.15,4.62
Summer 2022,Andulay MPA,23.56,18,10.54,2.48,18.32,28.81,21.08,26.05,13.56,18,7.94,1.87,9.62,17.51,11.69,15.44,15.83,18,7.76,1.83,11.97,19.69,14.0,17.66,15.51,18,9.87,2.33,10.6,20.42,13.18,17.84,7.22,18,3.83,0.9,5.32,9.13,6.32,8.13
Summer 2022,Antulang,22.86,16,13.71,3.43,15.56,30.17,19.44,26.29,6.2,16,4.76,1.19,3.66,8.74,5.01,7.39,26.3,16,10.92,2.73,20.48,32.12,23.57,29.03,5.36,16,5.14,1.28,2.63,8.1,4.08,6.65,6.77,16,4.82,1.2,4.2,9.34,5.57,7.98
Summer 2022,Basak Can-Unsang MPA,20.51,18,7.34,1.73,16.86,24.16,18.78,22.24,2.13,18,3.55,0.84,0.36,3.89,1.29,2.97,14.03,18,11.86,2.79,8.13,19.92,11.23,16.82,8.56,18,8.02,1.89,4.58,12.55,6.68,10.45,8.19,18,7.37,1.74,4.53,11.86,6.46,9.93
Summer 2022,Dalakit MPA,27.71,4,8.37,4.19,14.39,41.03,23.52,31.89,0.0,4,0.0,0.0,0.0,0.0,0.0,0.0,40.0,4,15.97,7.99,14.59,65.41,32.01,47.99,3.12,4,4.32,2.16,0.0,10.0,0.96,5.29,14.17,4,8.02,4.01,1.4,26.93,10.16,18.18
Summer 2022,Guinsuan MPA,19.83,24,9.36,1.91,15.87,23.78,17.92,21.74,0.42,24,0.92,0.19,0.03,0.8,0.23,0.6,14.72,24,6.26,1.28,12.08,17.37,13.44,16.0,4.2,24,4.0,0.82,2.51,5.89,3.38,5.02,6.98,24,5.46,1.11,4.68,9.28,5.87,8.09
Summer 2022,Kookoos,42.25,17,8.52,2.07,37.87,46.64,40.19,44.32,17.94,17,8.67,2.1,13.49,22.4,15.84,20.04,12.45,17,7.73,1.87,8.48,16.43,10.58,14.33,5.25,17,5.69,1.38,2.32,8.17,3.87,6.62,13.87,17,8.57,2.08,9.46,18.28,11.79,15.95
Summer 2022,Lutoban North MPA,25.94,24,13.08,2.67,20.41,31.46,23.27,28.61,16.11,24,18.0,3.67,8.51,23.71,12.44,19.78,20.76,24,11.51,2.35,15.9,25.63,18.41,23.11,8.02,24,4.98,1.02,5.92,10.12,7.0,9.04,8.16,24,6.39,1.3,5.46,10.86,6.86,9.46
Summer 2022,Lutoban South MPA,18.02,21,10.87,2.37,13.07,22.97,15.64,20.39,16.31,21,12.43,2.71,10.65,21.97,13.6,19.02,25.75,21,12.81,2.79,19.92,31.58,22.96,28.55,6.79,21,7.31,1.6,3.46,10.11,5.19,8.38,11.03,21,9.87,2.15,6.54,15.52,8.88,13.18
Summer 2022,Maluay Malatapay MPA,26.56,23,12.6,2.63,21.11,32.01,23.93,29.19,0.4,23,1.4,0.29,0.0,1.0,0.11,0.69,33.37,23,12.72,2.65,27.87,38.87,30.72,36.02,9.31,23,7.71,1.61,5.98,12.64,7.7,10.92,10.4,23,8.16,1.7,6.87,13.93,8.7,12.1
Summer 2022,Salag MPA,31.94,12,15.33,4.43,22.2,41.68,27.52,36.37,27.36,12,17.2,4.96,16.44,38.29,22.4,32.33,13.4,12,9.45,2.73,7.4,19.41,10.67,16.13,2.99,12,3.0,0.87,1.08,4.89,2.12,3.85,8.19,12,7.27,2.1,3.57,12.81,6.1,10.29
Summer 2022,Lutoban Pier,44.73,22,16.92,3.61,37.23,52.24,41.13,48.34,10.49,22,9.85,2.1,6.13,14.86,8.39,12.59,10.8,22,6.65,1.42,7.85,13.74,9.38,12.21,6.86,22,6.57,1.4,3.94,9.77,5.46,8.26,8.56,22,7.2,1.54,5.37,11.75,7.03,10.1
Autumn 2022,Andulay MPA,30.14,18,9.91,2.34,25.21,35.07,27.8,32.47,14.21,18,9.16,2.16,9.66,18.77,12.05,16.37,17.5,18,7.26,1.71,13.89,21.11,15.79,19.21,6.25,18,7.09,1.67,2.72,9.78,4.58,7.92,12.59,18,10.08,2.38,7.58,17.6,10.22,14.97
Autumn 2022,Antulang,18.06,12,8.97,2.59,12.36,23.76,15.47,20.65,5.76,12,3.63,1.05,3.46,8.07,4.72,6.81,24.1,12,11.04,3.19,17.08,31.11,20.91,27.28,7.22,12,5.43,1.57,3.77,10.67,5.66,8.79,13.89,12,9.96,2.87,7.56,20.22,11.01,16.76
Autumn 2022,Basak Can-Unsang MPA,20.3,14,9.2,2.46,14.98,25.61,17.84,22.76,3.57,14,3.97,1.06,1.28,5.86,2.51,4.63,9.82,14,4.88,1.31,7.0,12.64,8.52,11.13,10.24,14,4.02,1.07,7.92,12.56,9.16,11.31,8.21,14,5.32,1.42,5.14,11.29,6.79,9.64
Autumn 2022,Dalakit MPA,40.0,4,14.86,7.43,16.35,63.65,32.57,47.43,0.62,4,1.25,0.62,0.0,2.61,0.0,1.25,9.38,4,7.68,3.84,0.0,21.59,5.54,13.21,8.54,4,2.08,1.04,5.23,11.86,7.5,9.58,8.12,4,4.21,2.11,1.42,14.83,6.02,10.23
Autumn 2022,Guinsuan MPA,20.14,12,10.53,3.04,13.45,26.83,17.1,23.18,0.28,12,0.54,0.16,0.0,0.62,0.12,0.43,8.68,12,3.21,0.93,6.64,10.72,7.75,9.61,5.07,12,5.34,1.54,1.68,8.46,3.53,6.61,6.46,12,9.03,2.61,0.72,12.19,3.85,9.06
Autumn 2022,Kookoos,40.64,13,7.57,2.1,36.07,45.22,38.54,42.74,16.99,13,12.38,3.43,9.51,24.47,13.55,20.42,8.85,13,9.1,2.52,3.35,14.35,6.32,11.37,5.83,13,6.62,1.84,1.83,9.84,4.0,7.67,22.37,13,10.81,3.0,15.84,28.9,19.37,25.37
Autumn 2022,Latason MPA,24.38,8,8.68,3.07,17.12,31.63,21.31,27.44,10.94,8,5.16,1.83,6.62,15.26,9.11,12.76,13.02,8,5.38,1.9,8.52,17.52,11.12,14.92,9.17,8,3.83,1.35,5.96,12.37,7.81,10.52,7.4,8,3.74,1.32,4.27,10.52,6.07,8.72
Autumn 2022,Lutoban North MPA,28.72,13,9.17,2.54,23.18,34.26,26.17,31.26,8.4,13,7.49,2.08,3.87,12.92,6.32,10.47,18.91,13,9.9,2.75,12.93,24.89,16.16,21.66,8.85,13,5.63,1.56,5.45,12.25,7.29,10.41,10.51,13,7.25,2.01,6.13,14.89,8.5,12.52
Autumn 2022,Lutoban Pier,37.15,12,11.7,3.38,29.72,44.58,33.78,40.53,10.49,12,10.31,2.98,3.93,17.04,7.51,13.46,15.56,12,6.63,1.91,11.34,19.77,13.64,17.47,7.71,12,7.18,2.07,3.15,12.27,5.64,9.78,13.06,12,7.06,2.04,8.57,17.54,11.02,15.09
Autumn 2022,Lutoban South MPA,22.12,13,9.63,2.67,16.29,27.94,19.44,24.79,14.62,13,8.0,2.22,9.78,19.45,12.4,16.84,20.9,13,8.13,2.25,15.99,25.81,18.64,23.15,8.78,13,5.88,1.63,5.23,12.33,7.15,10.41,8.14,13,4.25,1.18,5.57,10.71,6.96,9.32
Autumn 2022,Salag MPA,33.06,12,12.37,3.57,25.2,40.91,29.49,36.63,23.54,12,12.01,3.47,15.91,31.17,20.07,27.01,8.26,12,9.38,2.71,2.3,14.23,5.55,10.97,4.86,12,4.78,1.38,1.83,7.9,3.48,6.24,18.13,12,8.73,2.52,12.58,23.67,15.61,20.64
Autumn 2022,Maluay Malatapay MPA,30.38,22,17.24,3.68,22.74,38.02,26.7,34.05,0.72,22,2.66,0.57,0.0,1.9,0.15,1.29,28.94,22,8.64,1.84,25.11,32.77,27.1,30.78,7.39,22,6.41,1.37,4.54,10.23,6.02,8.75,12.46,22,11.59,2.47,7.32,17.6,9.99,14.93
Winter 22/23,Latason MPA,27.13,9,8.39,2.8,20.68,33.58,24.33,29.93,8.89,9,7.86,2.62,2.85,14.93,6.27,11.51,15.74,9,7.7,2.57,9.82,21.66,13.17,18.31,11.11,9,9.75,3.25,3.62,18.6,7.86,14.36,3.89,9,4.31,1.44,0.58,7.2,2.45,5.33
Winter 22/23,Kookoos,37.63,13,9.99,2.77,31.59,43.66,34.86,40.4,19.42,13,12.01,3.33,12.17,26.68,16.09,22.75,14.17,13,7.72,2.14,9.5,18.83,12.03,16.31,6.73,13,4.17,1.16,4.21,9.25,5.57,7.89,19.36,13,13.37,3.71,11.28,27.44,15.65,23.07
Winter 22/23,Dalakit MPA,25.0,4,10.09,5.05,8.94,41.06,19.95,30.05,1.67,4,1.18,0.59,0.0,3.54,1.08,2.26,31.04,4,15.17,7.59,6.9,55.19,23.45,38.63,5.62,4,5.02,2.51,0.0,13.61,3.12,8.13,10.83,4,15.74,7.87,0.0,35.88,2.96,18.7
Winter 22/23,Guinsuan MPA,11.74,12,5.45,1.57,8.27,15.2,10.16,13.31,0.35,12,0.75,0.22,0.0,0.82,0.13,0.56,18.89,12,11.06,3.19,11.86,25.92,15.7,22.08,8.26,12,7.72,2.23,3.36,13.17,6.03,10.49,4.58,12,3.03,0.87,2.66,6.51,3.71,5.46
Winter 22/23,Lutoban South MPA,22.55,16,7.75,1.94,18.42,26.68,20.61,24.49,16.3,16,11.49,2.87,10.18,22.42,13.43,19.17,15.05,16,10.88,2.72,9.25,20.85,12.33,17.77,7.03,16,9.16,2.29,2.15,11.91,4.74,9.32,10.73,16,11.17,2.79,4.78,16.68,7.94,13.52
Winter 22/23,Maluay Malatapay MPA,19.52,14,9.43,2.52,14.08,24.97,17.0,22.04,0.3,14,0.7,0.19,0.0,0.7,0.11,0.49,34.05,14,11.09,2.96,27.65,40.45,31.08,37.01,19.7,14,11.95,3.19,12.81,26.6,16.51,22.89,10.0,14,5.81,1.55,6.65,13.35,8.45,11.55
Winter 22/23,Salag MPA,28.15,14,11.02,2.95,21.79,34.52,25.21,31.1,22.02,14,16.82,4.5,12.31,31.74,17.53,26.52,7.98,14,4.61,1.23,5.32,10.64,6.74,9.21,7.26,14,6.45,1.72,3.54,10.99,5.54,8.99,11.13,14,11.48,3.07,4.5,17.76,8.06,14.2
Winter 22/23,Antulang,17.43,12,8.05,2.32,12.31,22.55,15.11,19.75,7.29,12,4.82,1.39,4.23,10.36,5.9,8.68,24.93,12,10.25,2.96,18.42,31.44,21.97,27.89,7.85,12,4.2,1.21,5.18,10.51,6.64,9.06,3.89,12,3.0,0.87,1.98,5.8,3.02,4.76
Winter 22/23,Andulay MPA,28.92,17,10.29,2.5,23.63,34.21,26.42,31.42,8.43,17,3.58,0.87,6.59,10.27,7.56,9.3,17.21,17,9.93,2.41,12.1,22.31,14.8,19.61,16.32,17,12.66,3.07,9.82,22.83,13.25,19.39,7.79,17,5.67,1.37,4.88,10.71,6.42,9.17
Winter 22/23,Basak Can-Unsang MPA,17.15,12,8.37,2.42,11.83,22.47,14.74,19.57,0.83,12,1.91,0.55,0.0,2.05,0.28,1.39,19.58,12,9.72,2.8,13.41,25.76,16.78,22.39,15.56,12,9.76,2.82,9.35,21.76,12.74,18.37,3.47,12,3.48,1.0,1.26,5.68,2.47,4.48
Winter 22/23,Lutoban Pier,53.75,12,14.92,4.31,44.27,63.23,49.44,58.06,3.75,12,4.27,1.23,1.04,6.46,2.52,4.98,15.14,12,13.68,3.95,6.45,23.83,11.19,19.09,5.49,12,3.38,0.98,3.34,7.63,4.51,6.46,8.82,12,14.88,4.3,0.0,18.28,4.52,13.12
Winter 22/23,Lutoban North MPA,25.0,15,6.03,1.56,21.66,28.34,23.44,26.56,6.56,15,5.69,1.47,3.41,9.7,5.09,8.02,19.0,15,8.84,2.28,14.11,23.89,16.72,21.28,12.94,15,5.79,1.49,9.74,16.15,11.45,14.44,7.56,15,5.78,1.49,4.36,10.76,6.06,9.05
Spring 2023,Maluay Malatapay MPA,19.81,18,11.58,2.73,14.06,25.57,17.09,22.54,0.05,18,0.2,0.05,0.0,0.14,0.0,0.09,26.11,18,13.77,3.25,19.26,32.96,22.87,29.36,25.56,18,14.52,3.42,18.33,32.78,22.13,28.98,5.6,18,4.77,1.12,3.23,7.98,4.48,6.73
Spring 2023,Salag MPA,30.88,17,12.38,3.0,24.52,37.25,27.88,33.88,24.22,17,8.42,2.04,19.89,28.54,22.17,26.26,12.89,17,4.88,1.18,10.38,15.4,11.71,14.08,4.41,17,4.98,1.21,1.85,6.97,3.2,5.62,12.45,17,8.31,2.02,8.18,16.73,10.43,14.47
Spring 2023,Lutoban South MPA,16.38,20,11.28,2.52,11.1,21.65,13.85,18.9,13.71,20,10.28,2.3,8.9,18.52,11.41,16.01,21.33,20,9.39,2.1,16.94,25.73,19.23,23.43,16.46,20,8.24,1.84,12.6,20.31,14.62,18.3,5.5,20,6.6,1.48,2.41,8.59,4.02,6.98
Spring 2023,Lutoban Pier,47.32,19,18.71,4.29,38.31,56.34,43.03,51.62,11.62,19,8.99,2.06,7.29,15.95,9.56,13.68,9.12,19,5.07,1.16,6.68,11.57,7.96,10.29,8.11,19,8.24,1.89,4.14,12.09,6.22,10.0,6.58,19,8.01,1.84,2.72,10.44,4.74,8.42
Spring 2023,Lutoban North MPA,27.08,20,10.28,2.3,22.27,31.9,24.78,29.38,9.5,20,7.26,1.62,6.1,12.9,7.88,11.12,19.08,20,11.28,2.52,13.81,24.36,16.56,21.61,12.0,20,9.1,2.03,7.74,16.26,9.97,14.03,6.42,20,6.3,1.41,3.47,9.37,5.01,7.83
Spring 2023,Kookoos,41.53,18,8.49,2.0,37.31,45.75,39.53,43.53,17.96,18,7.4,1.74,14.28,21.64,16.22,19.71,15.37,18,3.95,0.93,13.4,17.34,14.44,16.3,4.86,18,3.73,0.88,3.01,6.72,3.98,5.74,13.84,18,7.81,1.84,9.96,17.73,12.0,15.68
Spring 2023,Guinsuan MPA,18.04,17,8.42,2.04,13.71,22.37,16.0,20.08,0.25,17,0.49,0.12,0.0,0.5,0.13,0.36,16.62,17,5.58,1.35,13.75,19.49,15.26,17.97,4.51,17,3.93,0.95,2.49,6.53,3.56,5.46,4.85,17,4.74,1.15,2.41,7.29,3.7,6.0
Spring 2023,Dalakit MPA,36.11,6,10.98,4.48,24.59,47.63,31.63,40.59,0.14,6,0.34,0.14,0.0,0.5,0.0,0.28,32.22,6,13.38,5.46,18.18,46.27,26.76,37.69,5.0,6,3.46,1.41,1.37,8.63,3.59,6.41,14.44,6,10.51,4.29,3.41,25.47,10.15,18.74
Spring 2023,Basak Can-Unsang MPA,19.43,19,8.58,1.97,15.29,23.57,17.46,21.4,3.9,19,5.05,1.16,1.47,6.34,2.75,5.06,11.71,19,7.48,1.72,8.11,15.31,10.0,13.43,9.56,19,6.29,1.44,6.53,12.59,8.12,11.01,7.15,19,6.19,1.42,4.16,10.13,5.73,8.57
Spring 2023,Antulang,18.89,18,5.75,1.36,16.03,21.75,17.53,20.24,6.44,18,4.63,1.09,4.13,8.74,5.34,7.53,21.99,18,6.84,1.61,18.59,25.39,20.38,23.6,9.63,18,6.44,1.52,6.43,12.83,8.11,11.15,4.26,18,4.09,0.96,2.22,6.29,3.29,5.22
Spring 2023,Andulay MPA,29.39,22,9.31,1.99,25.27,33.52,27.41,31.38,11.86,22,7.14,1.52,8.69,15.02,10.33,13.38,12.99,22,7.29,1.55,9.76,16.22,11.44,14.55,17.39,22,10.89,2.32,12.56,22.21,15.07,19.71,9.2,22,6.19,1.32,6.46,11.95,7.88,10.52
Spring 2023,Latason MPA,24.24,12,8.24,2.38,19.0,29.47,21.86,26.61,13.54,12,10.39,3.0,6.94,20.14,10.54,16.54,17.78,12,10.95,3.16,10.82,24.73,14.62,20.94,10.56,12,7.39,2.13,5.86,15.25,8.42,12.69,6.46,12,8.13,2.35,1.29,11.62,4.11,8.8
Summer 2023,Maluay Malatapay MPA,29.67,20,18.47,4.13,21.02,38.31,25.54,33.8,0.08,20,0.26,0.06,0.0,0.2,0.03,0.14,16.25,20,7.16,1.6,12.9,19.6,14.65,17.85,24.17,20,18.08,4.04,15.7,32.63,20.12,28.21,3.46,20,7.93,1.77,0.0,7.17,1.69,5.23
Summer 2023,Latason MPA,22.92,8,16.1,5.69,9.46,36.37,17.23,28.61,10.94,8,10.11,3.58,2.48,19.39,7.36,14.51,13.65,8,5.25,1.86,9.26,18.04,11.79,15.5,16.67,8,10.79,3.82,7.64,25.69,12.85,20.48,5.21,8,11.83,4.18,0.0,15.09,1.03,9.39
Summer 2023,Kookoos,44.21,20,12.7,2.84,38.26,50.15,41.37,47.05,16.92,20,10.7,2.39,11.91,21.93,14.52,19.31,11.25,20,6.33,1.41,8.29,14.21,9.84,12.66,5.92,20,5.6,1.25,3.3,8.54,4.66,7.17,2.75,20,3.93,0.88,0.91,4.59,1.87,3.63
Summer 2023,Guinsuan MPA,20.69,12,8.06,2.33,15.57,25.82,18.37,23.02,1.11,12,1.6,0.46,0.09,2.13,0.65,1.57,18.19,12,15.72,4.54,8.21,28.18,13.66,22.73,9.03,12,7.72,2.23,4.12,13.93,6.8,11.26,0.07,12,0.24,0.07,0.0,0.22,0.0,0.14
Summer 2023,Dalakit MPA,24.86,6,8.76,3.58,15.67,34.06,21.28,28.44,0.14,6,0.34,0.14,0.0,0.5,0.0,0.28,36.11,6,14.0,5.72,21.42,50.8,30.4,41.83,2.64,6,3.43,1.4,0.0,6.24,1.24,4.04,2.64,6,2.44,1.0,0.08,5.2,1.64,3.63
Summer 2023,Basak Can-Unsang MPA,16.76,18,7.49,1.77,13.03,20.48,14.99,18.52,3.19,18,4.74,1.12,0.84,5.55,2.08,4.31,11.99,18,5.84,1.38,9.09,14.89,10.61,13.37,16.67,18,13.11,3.09,10.15,23.19,13.58,19.76,2.96,18,3.47,0.82,1.24,4.69,2.15,3.78
Summer 2023,Antulang,16.47,13,6.43,1.78,12.59,20.36,14.69,18.26,8.14,13,4.85,1.34,5.21,11.07,6.8,9.49,19.17,13,6.59,1.83,15.19,23.15,17.34,20.99,12.05,13,8.56,2.37,6.88,17.22,9.68,14.42,1.22,13,1.54,0.43,0.28,2.15,0.79,1.65
Summer 2023,Andulay MPA,26.67,23,14.54,3.03,20.38,32.95,23.64,29.7,8.59,23,4.54,0.95,6.62,10.55,7.64,9.53,16.81,23,8.83,1.84,12.99,20.63,14.97,18.65,21.05,23,15.75,3.28,14.24,27.86,17.77,24.34,2.21,23,4.34,0.91,0.33,4.09,1.3,3.12
Summer 2023,Lutoban South MPA,13.46,20,8.97,2.01,9.26,17.66,11.45,15.46,15.21,20,12.25,2.74,9.48,20.94,12.47,17.95,23.21,20,13.27,2.97,17.0,29.42,20.24,26.17,9.08,20,5.82,1.3,6.36,11.81,7.78,10.38,0.62,20,2.61,0.58,0.0,1.84,0.04,1.21
Summer 2023,Lutoban North MPA,23.33,20,11.38,2.54,18.01,28.66,20.79,25.88,11.0,20,7.28,1.63,7.59,14.41,9.37,12.63,16.92,20,8.1,1.81,13.13,20.71,15.11,18.73,12.38,20,8.29,1.85,8.5,16.25,10.52,14.23,1.12,20,2.1,0.47,0.14,2.11,0.66,1.59
Summer 2023,Lutoban Pier,40.08,20,18.02,4.03,31.65,48.52,36.05,44.11,9.25,20,7.14,1.6,5.91,12.59,7.65,10.85,10.0,20,6.61,1.48,6.91,13.09,8.52,11.48,11.17,20,8.79,1.96,7.05,15.28,9.2,13.13,1.12,20,2.39,0.53,0.01,2.24,0.59,1.66
Summer 2023,Salag MPA,38.12,20,11.96,2.68,32.53,43.72,35.45,40.8,20.67,20,10.52,2.35,15.74,25.59,18.31,23.02,6.71,20,5.05,1.13,4.35,9.07,5.58,7.84,7.83,20,7.7,1.72,4.23,11.44,6.11,9.56,4.12,20,7.13,1.59,0.79,7.46,2.53,5.72
Autumn 2023,Basak Can-Unsang MPA,18.75,6,6.12,2.5,12.33,25.17,16.25,21.25,5.28,6,4.04,1.65,1.04,9.51,3.63,6.93,15.69,6,7.68,3.14,7.63,23.76,12.56,18.83,20.14,6,6.09,2.49,13.75,26.53,17.65,22.62,1.25,6,2.09,0.85,0.0,3.45,0.4,2.1
Autumn 2023,Andulay MPA,23.69,14,13.49,3.61,15.9,31.48,20.08,27.3,7.32,14,5.37,1.44,4.22,10.42,5.89,8.76,14.29,14,6.74,1.8,10.4,18.18,12.49,16.09,26.19,14,10.88,2.91,19.91,32.47,23.28,29.1,1.37,14,2.35,0.63,0.01,2.72,0.74,2.0
Autumn 2023,Dalakit MPA,25.63,4,5.2,2.6,17.35,33.9,23.03,28.22,0.0,4,0.0,0.0,0.0,0.0,0.0,0.0,36.25,4,12.37,6.18,16.57,55.93,30.07,42.43,9.17,4,4.56,2.28,1.9,16.43,6.88,11.45,2.92,4,1.98,0.99,0.0,6.07,1.92,3.91
Autumn 2023,Salag MPA,33.96,12,11.42,3.3,26.71,41.21,30.66,37.25,21.67,12,13.54,3.91,13.06,30.27,17.76,25.58,12.36,12,9.75,2.81,6.17,18.56,9.55,15.18,5.07,12,4.97,1.43,1.91,8.23,3.64,6.5,1.46,12,1.95,0.56,0.22,2.7,0.9,2.02
Autumn 2023,Guinsuan MPA,20.83,8,10.75,3.8,11.85,29.82,17.03,24.63,0.21,8,0.59,0.21,0.0,0.7,0.0,0.42,15.1,8,8.47,2.99,8.02,22.18,12.11,18.1,8.12,8,6.68,2.36,2.54,13.71,5.76,10.49,1.04,8,1.16,0.41,0.07,2.01,0.63,1.45
Autumn 2023,Kookoos,41.31,14,11.37,3.04,34.74,47.88,38.27,44.35,10.83,14,7.18,1.92,6.69,14.98,8.92,12.75,13.93,14,6.07,1.62,10.43,17.43,12.31,15.55,10.71,14,6.84,1.83,6.77,14.66,8.89,12.54,0.83,14,1.22,0.33,0.13,1.54,0.51,1.16
Autumn 2023,Latason MPA,25.73,8,3.43,1.21,22.86,28.6,24.52,26.94,12.71,8,13.04,4.61,1.81,23.61,8.1,17.32,15.42,8,11.65,4.12,5.68,25.16,11.3,19.54,13.02,8,8.05,2.85,6.29,19.75,10.17,15.87,1.77,8,2.25,0.79,0.0,3.65,0.98,2.57
Autumn 2023,Lutoban North MPA,19.36,13,7.31,2.03,14.94,23.77,17.33,21.39,8.72,13,6.47,1.79,4.81,12.63,6.92,10.51,23.08,13,9.25,2.57,17.49,28.67,20.51,25.64,17.05,13,8.16,2.26,12.12,21.98,14.79,19.31,0.77,13,1.46,0.41,0.0,1.65,0.36,1.17
Autumn 2023,Lutoban Pier,35.26,13,13.7,3.8,26.98,43.53,31.46,39.06,9.74,13,8.38,2.32,4.68,14.81,7.42,12.07,19.94,13,6.14,1.7,16.23,23.64,18.23,21.64,9.74,13,9.39,2.6,4.07,15.42,7.14,12.35,1.03,13,1.6,0.44,0.06,1.99,0.58,1.47
Autumn 2023,Lutoban South MPA,12.99,12,5.68,1.64,9.38,16.59,11.35,14.63,13.61,12,16.72,4.83,2.99,24.23,8.79,18.44,21.18,12,12.25,3.54,13.4,28.96,17.64,24.72,15.0,12,11.64,3.36,7.6,22.4,11.64,18.36,1.18,12,1.15,0.33,0.45,1.91,0.85,1.51
Autumn 2023,Antulang,21.98,8,8.8,3.11,14.63,29.33,18.87,25.09,6.04,8,3.14,1.11,3.42,8.67,4.93,7.15,25.21,8,6.09,2.15,20.12,30.3,23.06,27.36,12.71,8,7.74,2.74,6.24,19.18,9.97,15.44,0.73,8,1.13,0.4,0.0,1.67,0.33,1.13
Autumn 2023,Maluay Malatapay MPA,21.73,14,14.61,3.91,13.29,30.16,17.82,25.63,0.36,14,0.71,0.19,0.0,0.77,0.17,0.55,23.69,14,9.72,2.6,18.08,29.3,21.09,26.29,32.32,14,11.33,3.03,25.78,38.86,29.29,35.35,3.39,14,4.1,1.1,1.02,5.76,2.3,4.49
Winter 23/24,Latason MPA,22.35,11,10.68,3.22,15.18,29.52,19.13,25.57,8.71,11,3.26,0.98,6.52,10.9,7.73,9.69,22.5,11,7.56,2.28,17.42,27.58,20.22,24.78,10.15,11,6.9,2.08,5.52,14.79,8.07,12.23,1.06,11,1.3,0.39,0.19,1.93,0.67,1.45
Winter 23/24,Lutoban Pier,40.72,15,14.68,3.79,32.59,48.85,36.93,44.51,10.06,15,5.94,1.53,6.77,13.34,8.52,11.59,14.22,15,7.91,2.04,9.84,18.61,12.18,16.27,9.67,15,8.54,2.2,4.94,14.39,7.46,11.87,1.11,15,2.63,0.68,0.0,2.57,0.43,1.79
Winter 23/24,Kookoos,39.82,19,10.21,2.34,34.9,44.74,37.48,42.17,14.47,19,7.53,1.73,10.85,18.1,12.75,16.2,21.84,19,6.63,1.52,18.65,25.04,20.32,23.36,6.89,19,6.66,1.53,3.68,10.1,5.36,8.41,0.7,19,1.01,0.23,0.21,1.19,0.47,0.93
Winter 23/24,Lutoban North MPA,17.67,15,7.21,1.86,13.67,21.66,15.8,19.53,10.44,15,8.37,2.16,5.81,15.08,8.28,12.61,18.17,15,6.32,1.63,14.67,21.66,16.54,19.8,18.83,15,10.33,2.67,13.11,24.55,16.17,21.5,1.22,15,1.96,0.51,0.13,2.31,0.72,1.73
Winter 23/24,Guinsuan MPA,20.71,7,10.04,3.79,11.43,30.0,16.92,24.51,0.12,7,0.31,0.12,0.0,0.41,0.0,0.24,11.9,7,4.43,1.67,7.81,16.0,10.23,13.58,9.4,7,7.71,2.91,2.28,16.53,6.49,12.32,0.12,7,0.31,0.12,0.0,0.41,0.0,0.24
Winter 23/24,Salag MPA,32.44,15,9.88,2.55,26.97,37.91,29.89,34.99,26.78,15,9.5,2.45,21.52,32.04,24.32,29.23,11.94,15,7.59,1.96,7.74,16.15,9.98,13.9,3.78,15,3.3,0.85,1.95,5.61,2.93,4.63,1.11,15,2.61,0.67,0.0,2.56,0.44,1.79
Winter 23/24,Basak Can-Unsang MPA,12.0,10,7.85,2.48,6.39,17.61,9.52,14.48,2.75,10,2.58,0.82,0.91,4.59,1.93,3.57,8.58,10,5.15,1.63,4.9,12.27,6.95,10.21,21.33,10,12.08,3.82,12.69,29.98,17.51,25.15,0.75,10,1.14,0.36,0.0,1.57,0.39,1.11
Winter 23/24,Antulang,15.36,14,6.34,1.69,11.7,19.02,13.66,17.05,7.68,14,3.92,1.05,5.41,9.94,6.63,8.73,22.8,14,6.08,1.62,19.29,26.31,21.17,24.42,8.93,14,4.89,1.31,6.11,11.75,7.62,10.23,0.24,14,0.51,0.14,0.0,0.53,0.1,0.37
Winter 23/24,Andulay MPA,19.17,17,12.25,2.97,12.87,25.46,16.2,22.14,12.35,17,8.97,2.18,7.74,16.97,10.18,14.53,11.96,17,6.66,1.62,8.54,15.38,10.35,13.58,23.24,17,16.07,3.9,14.97,31.5,19.34,27.13,2.65,17,7.31,1.77,0.0,6.41,0.87,4.42
Winter 23/24,Lutoban South MPA,13.75,16,7.15,1.79,9.94,17.56,11.96,15.54,14.17,16,12.57,3.14,7.47,20.87,11.02,17.31,20.62,16,12.68,3.17,13.87,27.38,17.46,23.79,19.64,16,10.69,2.67,13.94,25.33,16.96,22.31,2.03,16,3.5,0.87,0.17,3.89,1.16,2.91
Winter 23/24,Dalakit MPA,27.29,4,5.33,2.67,18.81,35.77,24.63,29.96,2.71,4,2.49,1.24,0.0,6.67,1.46,3.95,31.04,4,13.6,6.8,9.4,52.68,24.24,37.84,5.62,4,2.39,1.2,1.82,9.43,4.43,6.82,6.04,4,6.82,3.41,0.0,16.89,2.63,9.45
Winter 23/24,Maluay Malatapay MPA,14.25,20,10.18,2.28,9.49,19.01,11.97,16.53,1.5,20,4.99,1.12,0.0,3.84,0.38,2.62,26.21,20,9.7,2.17,21.67,30.75,24.04,28.38,35.58,20,17.96,4.02,27.18,43.99,31.57,39.6,2.79,20,4.71,1.05,0.59,5.0,1.74,3.84
Spring 2024,Lutoban South MPA,15.65,14,7.18,1.92,11.51,19.8,13.74,17.57,19.11,14,10.57,2.82,13.01,25.21,16.28,21.93,18.1,14,10.71,2.86,11.91,24.28,15.23,20.96,9.05,14,8.15,2.18,4.34,13.75,6.87,11.23,3.45,14,4.48,1.2,0.87,6.04,2.26,4.65
Spring 2024,Santa Catalina Manalongon,45.42,4,7.98,3.99,32.72,58.11,41.43,49.41,8.12,4,7.02,3.51,0.0,19.29,4.62,11.63,29.79,4,14.18,7.09,7.23,52.36,22.7,36.88,0.0,4,0.0,0.0,0.0,0.0,0.0,0.0,5.83,4,5.93,2.97,0.0,15.27,2.87,8.8
Spring 2024,Santa Catalina Cawitan,47.92,2,0.59,0.42,42.62,53.21,47.5,48.33,0.0,2,0.0,0.0,0.0,0.0,0.0,0.0,24.17,2,1.18,0.83,13.58,34.76,23.33,25.0,0.0,2,0.0,0.0,0.0,0.0,0.0,0.0,5.42,2,7.66,5.42,0.0,74.24,0.0,10.83
Spring 2024,Salag MPA,30.18,14,16.06,4.29,20.9,39.45,25.89,34.47,26.25,14,12.48,3.34,19.04,33.46,22.91,29.59,14.88,14,6.99,1.87,10.84,18.92,13.01,16.75,2.02,14,1.98,0.53,0.88,3.17,1.49,2.55,10.36,14,9.49,2.54,4.88,15.84,7.82,12.89
Spring 2024,Maluay Malatapay MPA,22.73,18,15.38,3.62,15.09,30.38,19.11,26.36,2.36,18,7.4,1.74,0.0,6.04,0.62,4.11,25.97,18,12.34,2.91,19.83,32.11,23.06,28.88,15.09,18,11.36,2.68,9.44,20.74,12.41,17.77,3.47,18,5.01,1.18,0.98,5.96,2.29,4.65
Spring 2024,Lutoban Pier,31.96,14,12.04,3.22,25.01,38.92,28.75,35.18,11.25,14,7.96,2.13,6.65,15.85,9.12,13.38,17.32,14,7.07,1.89,13.24,21.4,15.43,19.21,8.45,14,9.6,2.56,2.91,13.99,5.89,11.02,2.62,14,3.28,0.88,0.72,4.51,1.74,3.5
Spring 2024,Lutoban North MPA,22.55,18,11.17,2.63,16.99,28.1,19.91,25.18,8.7,18,6.97,1.64,5.24,12.17,7.06,10.35,17.5,18,9.43,2.22,12.81,22.19,15.28,19.72,12.27,18,8.86,2.09,7.86,16.67,10.18,14.36,2.22,18,2.52,0.6,0.97,3.48,1.63,2.82
Spring 2024,Latason MPA,25.33,5,10.94,4.89,11.75,38.92,20.44,30.23,12.17,5,12.49,5.59,0.0,27.68,6.58,17.75,17.5,5,9.37,4.19,5.86,29.14,13.31,21.69,11.5,5,9.71,4.34,0.0,23.55,7.16,15.84,0.0,5,0.0,0.0,0.0,0.0,0.0,0.0
Spring 2024,Kookoos,39.08,19,10.89,2.5,33.83,44.33,36.58,41.58,17.11,19,10.65,2.44,11.97,22.24,14.66,19.55,18.29,19,7.48,1.72,14.69,21.89,16.57,20.0,4.52,19,3.36,0.77,2.9,6.14,3.75,5.29,4.08,19,6.34,1.45,1.02,7.13,2.62,5.53
Spring 2024,Andulay MPA,25.39,17,11.62,2.82,19.42,31.37,22.57,28.21,13.97,17,6.91,1.68,10.42,17.52,12.29,15.65,14.17,17,8.06,1.95,10.02,18.31,12.21,16.12,14.9,17,8.87,2.15,10.34,19.46,12.75,17.05,2.99,17,3.75,0.91,1.06,4.92,2.08,3.9
Spring 2024,Antulang,21.15,16,9.71,2.43,15.97,26.32,18.72,23.57,7.45,16,6.39,1.6,4.04,10.85,5.85,9.05,21.56,16,6.95,1.74,17.86,25.27,19.82,23.3,5.89,16,3.91,0.98,3.8,7.97,4.91,6.86,2.97,16,1.9,0.47,1.96,3.98,2.49,3.44
Spring 2024,Basak Can-Unsang MPA,18.43,9,9.65,3.22,11.01,25.84,15.21,21.64,6.57,9,5.21,1.74,2.57,10.58,4.84,8.31,18.8,9,15.71,5.24,6.72,30.87,13.56,24.03,7.59,9,5.52,1.84,3.35,11.83,5.75,9.43,2.13,9,1.82,0.61,0.73,3.53,1.52,2.74
Spring 2024,Dalakit MPA,30.28,3,6.14,3.55,15.02,45.54,26.73,33.82,1.67,3,0.83,0.48,0.0,3.74,1.19,2.15,25.0,3,8.33,4.81,4.3,45.7,20.19,29.81,4.72,3,2.55,1.47,0.0,11.05,3.25,6.19,7.78,3,7.92,4.57,0.0,27.45,3.2,12.35
Spring 2024,Guinsuan MPA,15.09,9,4.57,1.52,11.58,18.61,13.57,16.62,0.37,9,0.84,0.28,0.0,1.02,0.09,0.65,18.24,9,11.91,3.97,9.09,27.39,14.27,22.21,3.43,9,4.01,1.34,0.35,6.51,2.09,4.76,2.22,9,3.23,1.08,0.0,4.7,1.15,3.3
Summer 2024,Maluay Malatapay MPA,20.61,22,15.2,3.24,13.87,27.35,17.37,23.85,0.23,22,0.53,0.11,0.0,0.46,0.12,0.34,29.7,22,14.04,2.99,23.47,35.92,26.7,32.69,25.72,22,18.48,3.94,17.53,33.91,21.78,29.66,3.03,22,5.61,1.2,0.54,5.52,1.83,4.23
Summer 2024,Lutoban Pier,31.13,14,13.06,3.49,23.59,38.67,27.64,34.62,12.74,14,7.53,2.01,8.39,17.08,10.73,14.75,17.44,14,9.41,2.52,12.01,22.88,14.92,19.96,9.17,14,7.06,1.89,5.09,13.25,7.28,11.05,2.68,14,3.12,0.83,0.88,4.48,1.84,3.51
Summer 2024,Lutoban South MPA,16.25,16,6.19,1.55,12.95,19.55,14.7,17.8,16.51,16,9.16,2.29,11.63,21.39,14.22,18.8,16.93,16,10.32,2.58,11.43,22.43,14.35,19.51,11.93,16,9.26,2.32,6.99,16.86,9.61,14.24,1.41,16,2.06,0.51,0.31,2.5,0.89,1.92
Summer 2024,Antulang,19.3,19,10.31,2.37,14.33,24.27,16.93,21.66,5.26,19,3.94,0.9,3.36,7.16,4.36,6.17,25.26,19,7.98,1.83,21.42,29.11,23.43,27.09,10.09,19,7.69,1.76,6.38,13.8,8.32,11.85,1.27,19,1.63,0.37,0.49,2.06,0.9,1.65
Summer 2024,Basak Can-Unsang MPA,15.33,10,4.05,1.28,12.44,18.23,14.05,16.61,2.83,10,3.07,0.97,0.63,5.03,1.86,3.81,11.0,10,6.95,2.2,6.03,15.97,8.8,13.2,15.42,10,12.34,3.9,6.59,24.24,11.52,19.32,1.17,10,1.43,0.45,0.15,2.19,0.72,1.62
Summer 2024,Dalakit MPA,31.46,4,10.7,5.35,14.43,48.49,26.11,36.81,2.29,4,4.05,2.02,0.0,8.73,0.27,4.32,23.75,4,6.54,3.27,13.34,34.16,20.48,27.02,8.75,4,4.64,2.32,1.37,16.13,6.43,11.07,7.08,4,5.2,2.6,0.0,15.36,4.48,9.69
Summer 2024,Guinsuan MPA,10.83,3,4.64,2.68,0.0,22.36,8.15,13.51,0.83,3,0.83,0.48,0.0,2.9,0.35,1.31,16.67,3,3.63,2.1,7.64,25.69,14.57,18.76,10.83,3,2.2,1.27,5.36,16.31,9.56,12.11,1.39,3,1.27,0.73,0.0,4.55,0.65,2.12
Summer 2024,Kookoos,48.33,12,10.67,3.08,41.55,55.11,45.25,51.41,11.53,12,6.98,2.01,7.09,15.96,9.51,13.54,13.96,12,6.5,1.88,9.83,18.09,12.08,15.83,4.1,12,5.03,1.45,0.9,7.29,2.64,5.55,8.06,12,8.76,2.53,2.49,13.62,5.53,10.58
Summer 2024,Latason MPA,18.44,8,10.84,3.83,9.37,27.5,14.6,22.27,15.0,8,9.12,3.22,7.38,22.62,11.78,18.22,18.44,8,9.77,3.46,10.27,26.61,14.98,21.89,3.33,8,4.48,1.58,0.0,7.08,1.75,4.92,1.04,8,1.07,0.38,0.15,1.93,0.66,1.42
Summer 2024,Lutoban North MPA,23.72,15,9.85,2.54,18.27,29.18,21.18,26.27,10.33,15,6.55,1.69,6.7,13.96,8.64,12.03,19.61,15,8.14,2.1,15.1,24.12,17.51,21.71,9.33,15,6.79,1.75,5.58,13.09,7.58,11.09,2.44,15,3.19,0.82,0.68,4.21,1.62,3.27
Summer 2024,Salag MPA,35.44,15,13.29,3.43,28.09,42.8,32.01,38.88,24.67,15,12.3,3.18,17.86,31.48,21.49,27.84,6.78,15,5.34,1.38,3.82,9.74,5.4,8.16,7.0,15,5.17,1.34,4.13,9.87,5.66,8.34,5.39,15,8.24,2.13,0.82,9.95,3.26,7.52
Summer 2024,Andulay MPA,29.53,16,15.49,3.87,21.28,37.78,25.66,33.4,11.04,16,6.6,1.65,7.52,14.56,9.39,12.69,18.18,16,9.6,2.4,13.06,23.29,15.78,20.58,14.79,16,8.71,2.18,10.15,19.43,12.61,16.97,6.04,16,7.31,1.83,2.15,9.94,4.21,7.87
Autumn 2024,Andulay MPA,23.5,15,10.14,2.62,17.89,29.11,20.88,26.12,8.56,15,4.53,1.17,6.05,11.06,7.39,9.72,12.06,15,7.8,2.01,7.73,16.38,10.04,14.07,19.5,15,13.33,3.44,12.12,26.88,16.06,22.94,1.44,15,1.68,0.43,0.51,2.38,1.01,1.88
Autumn 2024,Antulang,21.74,12,7.81,2.26,16.77,26.7,19.48,23.99,6.25,12,6.68,1.93,2.01,10.49,4.32,8.18,17.22,12,9.31,2.69,11.31,23.14,14.53,19.91,10.21,12,5.7,1.64,6.59,13.83,8.56,11.85,1.74,12,2.2,0.64,0.34,3.14,1.1,2.37
Autumn 2024,Basak Can-Unsang MPA,15.83,7,6.8,2.57,9.54,22.13,13.26,18.41,1.07,7,1.25,0.47,0.0,2.22,0.6,1.54,20.71,7,10.14,3.83,11.33,30.09,16.88,24.55,15.24,7,10.99,4.15,5.07,25.4,11.08,19.39,0.24,7,0.63,0.24,0.0,0.82,0.0,0.48
Autumn 2024,Guinsuan MPA,19.0,5,7.11,3.18,10.18,27.82,15.82,22.18,0.17,5,0.37,0.17,0.0,0.63,0.0,0.33,9.33,5,5.35,2.39,2.69,15.97,6.94,11.73,6.67,5,5.37,2.4,0.0,13.33,4.27,9.07,0.5,5,0.46,0.2,0.0,1.07,0.3,0.7
Autumn 2024,Kookoos,39.79,16,7.67,1.92,35.7,43.88,37.87,41.71,10.68,16,8.83,2.21,5.97,15.38,8.47,12.88,16.56,16,8.49,2.12,12.04,21.09,14.44,18.69,13.23,16,13.37,3.34,6.11,20.35,9.89,16.57,2.4,16,1.85,0.46,1.41,3.38,1.93,2.86
Autumn 2024,Dalakit MPA,37.5,1,,,,,,,1.67,1,,,,,,,23.33,1,,,,,,,0.0,1,,,,,,,0.0,1,,,,,,
Autumn 2024,Lutoban North MPA,21.97,11,8.5,2.56,16.26,27.68,19.41,24.53,6.36,11,6.26,1.89,2.16,10.57,4.48,8.25,11.89,11,5.0,1.51,8.53,15.25,10.39,13.4,19.02,11,8.55,2.58,13.27,24.76,16.44,21.59,2.05,11,1.91,0.58,0.76,3.33,1.47,2.62
Autumn 2024,Latason MPA,15.24,7,6.34,2.4,9.37,21.1,12.84,17.63,5.48,7,4.02,1.52,1.76,9.2,3.96,7.0,21.07,7,5.75,2.17,15.76,26.39,18.9,23.24,11.67,7,8.4,3.18,3.9,19.44,8.49,14.84,0.12,7,0.31,0.12,0.0,0.41,0.0,0.24
Autumn 2024,Maluay Malatapay MPA,21.83,15,14.48,3.74,13.82,29.85,18.1,25.57,0.61,15,2.37,0.61,0.0,1.92,0.0,1.22,28.22,15,12.64,3.26,21.22,35.22,24.96,31.49,22.67,15,11.99,3.1,16.02,29.31,19.57,25.76,2.33,15,3.23,0.83,0.54,4.12,1.5,3.17
Autumn 2024,Salag MPA,32.78,9,11.97,3.99,23.58,41.98,28.79,36.77,15.93,9,7.82,2.61,9.91,21.94,13.32,18.53,11.57,9,5.11,1.7,7.65,15.5,9.87,13.28,13.15,9,9.33,3.11,5.97,20.32,10.04,16.26,4.63,9,4.15,1.38,1.44,7.82,3.25,6.01
Autumn 2024,Lutoban Pier,34.69,8,8.8,3.11,27.33,42.04,31.58,37.8,13.96,8,11.04,3.9,4.73,23.18,10.06,17.86,9.06,8,7.45,2.63,2.84,15.29,6.43,11.7,10.1,8,8.97,3.17,2.61,17.6,6.93,13.28,2.92,8,4.61,1.63,0.0,6.77,1.29,4.55
Autumn 2024,Lutoban South MPA,18.46,13,6.7,1.86,14.41,22.51,16.6,20.32,11.6,13,6.97,1.93,7.39,15.81,9.67,13.54,13.33,13,8.55,2.37,8.17,18.5,10.96,15.71,20.38,13,13.71,3.8,12.1,28.67,16.58,24.19,1.86,13,2.62,0.73,0.28,3.44,1.13,2.58
Winter 24/25,Salag MPA,26.44,18,10.52,2.48,21.2,31.67,23.95,28.92,14.86,18,6.64,1.56,11.56,18.16,13.3,16.43,23.66,18,7.72,1.82,19.82,27.5,21.84,25.48,7.41,18,5.4,1.27,4.72,10.09,6.13,8.68,0.93,18,1.48,0.35,0.19,1.66,0.58,1.28
Winter 24/25,Mojon MPA,17.5,4,5.93,2.97,8.06,26.94,14.53,20.47,6.04,4,6.78,3.39,0.0,16.83,2.65,9.43,25.42,4,4.22,2.11,18.7,32.13,23.31,27.53,9.58,4,4.59,2.29,2.28,16.89,7.29,11.88,0.0,4,0.0,0.0,0.0,0.0,0.0,0.0
Winter 24/25,Maluay Malatapay MPA,13.83,15,9.95,2.57,8.32,19.34,11.26,16.4,0.39,15,0.83,0.21,0.0,0.85,0.18,0.6,30.44,15,11.48,2.96,24.09,36.8,27.48,33.41,23.28,15,12.25,3.16,16.5,30.06,20.12,26.44,0.5,15,0.88,0.23,0.01,0.99,0.27,0.73
Winter 24/25,Lutoban South MPA,14.17,14,6.19,1.66,10.59,17.74,12.51,15.82,12.2,14,8.55,2.28,7.27,17.14,9.92,14.49,17.8,14,7.11,1.9,13.69,21.9,15.9,19.7,16.79,14,11.82,3.16,9.96,23.61,13.63,19.94,0.3,14,0.7,0.19,0.0,0.7,0.11,0.49
Winter 24/25,Lutoban Pier,36.71,18,13.86,3.27,29.82,43.61,33.45,39.98,11.62,18,7.89,1.86,7.7,15.54,9.76,13.48,14.86,18,8.1,1.91,10.84,18.89,12.95,16.77,8.66,18,6.66,1.57,5.35,11.97,7.09,10.23,1.39,18,3.77,0.89,0.0,3.26,0.5,2.28
Winter 24/25,Latason MPA,17.75,10,8.22,2.6,11.87,23.63,15.15,20.35,9.0,10,5.69,1.8,4.93,13.07,7.2,10.8,22.08,10,9.41,2.98,15.35,28.82,19.11,25.06,12.75,10,12.69,4.01,3.67,21.83,8.74,16.76,0.75,10,1.39,0.44,0.0,1.74,0.31,1.19
Winter 24/25,Kookoos,35.23,18,8.97,2.12,30.77,39.69,33.12,37.35,12.55,18,8.66,2.04,8.24,16.85,10.5,14.59,21.25,18,11.14,2.63,15.71,26.79,18.62,23.88,8.52,18,6.19,1.46,5.44,11.6,7.06,9.98,1.67,18,3.45,0.81,0.0,3.38,0.85,2.48
Winter 24/25,Guinsuan MPA,10.83,5,3.63,1.62,6.32,15.34,9.21,12.46,0.0,5,0.0,0.0,0.0,0.0,0.0,0.0,12.33,5,5.32,2.38,5.73,18.93,9.96,14.71,12.17,5,12.01,5.37,0.0,27.08,6.79,17.54,0.33,5,0.75,0.33,0.0,1.26,0.0,0.67
Winter 24/25,Dalakit MPA,21.25,4,10.64,5.32,4.32,38.18,15.93,26.57,0.62,4,0.8,0.4,0.0,1.89,0.23,1.02,38.96,4,14.5,7.25,15.88,62.04,31.71,46.21,5.0,4,3.79,1.89,0.0,11.03,3.11,6.89,0.0,4,0.0,0.0,0.0,0.0,0.0,0.0
Winter 24/25,Basak Can-Unsang MPA,13.45,7,6.69,2.53,7.26,19.64,10.92,15.98,2.14,7,2.4,0.91,0.0,4.36,1.24,3.05,10.36,7,5.4,2.04,5.37,15.35,8.32,12.4,18.81,7,6.82,2.58,12.5,25.12,16.23,21.39,0.36,7,0.45,0.17,0.0,0.77,0.19,0.53
Winter 24/25,Antulang,23.7,16,9.45,2.36,18.66,28.73,21.33,26.06,7.03,16,4.98,1.25,4.38,9.69,5.79,8.28,20.05,16,8.26,2.07,15.65,24.46,17.99,22.12,7.08,16,4.52,1.13,4.67,9.49,5.95,8.21,0.68,16,1.15,0.29,0.07,1.29,0.39,0.96
Winter 24/25,Andulay MPA,26.96,17,8.96,2.17,22.35,31.57,24.79,29.13,8.73,17,5.22,1.27,6.04,11.41,7.46,9.99,17.99,17,11.61,2.82,12.02,23.96,15.17,20.81,15.2,17,9.59,2.32,10.27,20.12,12.87,17.52,0.74,17,1.35,0.33,0.04,1.43,0.41,1.06
Winter 24/25,Lutoban North MPA,20.32,18,8.08,1.9,16.31,24.34,18.42,22.23,8.06,18,11.27,2.66,2.45,13.66,5.4,10.71,17.78,18,9.33,2.2,13.14,22.42,15.58,19.98,15.32,18,12.04,2.84,9.34,21.31,12.49,18.16,1.44,18,3.13,0.74,0.0,2.99,0.7,2.17
Winter 24/25,Santa Catalina Manalongon,15.0,1,,,,,,,29.17,1,,,,,,,25.83,1,,,,,,,0.0,1,,,,,,,0.83,1,,,,,,
Winter 24/25,Santa Catalina Cawitan,48.33,2,15.32,10.83,0.0,185.98,37.5,59.17,0.0,2,0.0,0.0,0.0,0.0,0.0,0.0,26.67,2,8.25,5.83,0.0,100.79,20.83,32.5,1.25,2,1.77,1.25,0.0,17.13,0.0,2.5,2.08,2,0.59,0.42,0.0,7.38,1.67,2.5
Spring 2025,Salag MPA,24.52,14,8.57,2.29,19.57,29.47,22.23,26.81,13.21,14,5.99,1.6,9.76,16.67,11.61,14.82,29.7,14,7.73,2.06,25.24,34.16,27.64,31.77,6.79,14,9.14,2.44,1.51,12.06,4.34,9.23,3.99,14,5.49,1.47,0.82,7.16,2.52,5.46
Spring 2025,Andulay MPA,24.47,19,9.13,2.1,20.07,28.88,22.38,26.57,8.42,19,4.83,1.11,6.09,10.75,7.31,9.53,22.37,19,12.45,2.86,16.37,28.37,19.51,25.22,13.33,19,12.38,2.84,7.37,19.3,10.49,16.17,3.6,19,4.18,0.96,1.58,5.61,2.64,4.55
Spring 2025,Antulang,23.04,20,12.43,2.78,17.22,28.86,20.26,25.82,4.58,20,4.01,0.9,2.7,6.46,3.69,5.48,25.67,20,7.04,1.57,22.37,28.96,24.09,27.24,7.96,20,5.84,1.31,5.23,10.69,6.65,9.26,2.38,20,3.34,0.75,0.81,3.94,1.63,3.12
Spring 2025,Basak Can-Unsang MPA,12.0,10,7.62,2.41,6.55,17.45,9.59,14.41,1.5,10,2.14,0.68,0.0,3.03,0.82,2.18,9.25,10,4.36,1.38,6.13,12.37,7.87,10.63,14.83,10,10.23,3.23,7.52,22.15,11.6,18.07,0.67,10,1.83,0.58,0.0,1.98,0.09,1.25
Spring 2025,Dalakit MPA,21.46,4,7.05,3.53,10.24,32.68,17.93,24.98,0.42,4,0.83,0.42,0.0,1.74,0.0,0.83,43.33,4,18.89,9.45,13.27,73.4,33.89,52.78,10.21,4,11.49,5.75,0.0,28.5,4.46,15.96,1.46,4,2.39,1.2,0.0,5.27,0.26,2.66
Spring 2025,Guinsuan MPA,11.33,10,4.05,1.28,8.44,14.23,10.05,12.61,0.92,10,2.1,0.66,0.0,2.42,0.25,1.58,11.17,10,4.73,1.5,7.78,14.55,9.67,12.66,9.17,10,6.17,1.95,4.75,13.58,7.21,11.12,0.58,10,1.25,0.39,0.0,1.47,0.19,0.98
Spring 2025,Kookoos,34.09,23,9.25,1.93,30.09,38.1,32.17,36.02,7.57,23,7.75,1.62,4.22,10.92,5.96,9.19,25.4,23,12.6,2.63,19.95,30.85,22.77,28.03,8.15,23,6.86,1.43,5.18,11.12,6.72,9.58,4.78,23,4.97,1.04,2.63,6.93,3.75,5.82
Spring 2025,Latason MPA,23.53,13,9.24,2.56,17.94,29.11,20.96,26.09,4.1,13,3.46,0.96,2.01,6.19,3.14,5.06,19.55,13,11.37,3.15,12.68,26.42,16.4,22.7,7.69,13,8.27,2.29,2.69,12.69,5.4,9.99,0.96,13,1.73,0.48,0.0,2.01,0.48,1.44
Spring 2025,Lutoban North MPA,19.62,20,6.47,1.45,16.6,22.65,18.18,21.07,8.83,20,7.05,1.58,5.54,12.13,7.26,10.41,14.58,20,7.46,1.67,11.09,18.07,12.92,16.25,15.08,20,9.64,2.16,10.57,19.6,12.93,17.24,0.83,20,1.05,0.23,0.34,1.32,0.6,1.07
Spring 2025,Lutoban Pier,29.63,18,13.49,3.18,22.92,36.34,26.45,32.81,8.84,18,5.45,1.28,6.13,11.55,7.56,10.13,16.85,18,5.9,1.39,13.92,19.78,15.46,18.24,15.09,18,9.71,2.29,10.26,19.92,12.8,17.38,2.41,18,3.77,0.89,0.53,4.28,1.52,3.3
Spring 2025,Lutoban South MPA,12.27,18,5.94,1.4,9.31,15.22,10.87,13.67,11.48,18,9.56,2.25,6.73,16.24,9.23,13.73,15.23,18,6.88,1.62,11.81,18.65,13.61,16.85,15.37,18,13.64,3.22,8.59,22.15,12.15,18.59,2.27,18,3.4,0.8,0.58,3.96,1.47,3.07
Spring 2025,Mojon MPA,26.25,4,9.78,4.89,10.69,41.81,21.36,31.14,0.42,4,0.83,0.42,0.0,1.74,0.0,0.83,20.62,4,4.78,2.39,13.02,28.23,18.23,23.02,17.08,4,4.84,2.42,9.39,24.78,14.67,19.5,1.46,4,2.39,1.2,0.0,5.27,0.26,2.66
Spring 2025,Maluay Malatapay MPA,15.44,21,10.75,2.35,10.54,20.33,13.09,17.78,0.44,21,0.97,0.21,0.0,0.88,0.22,0.65,31.07,21,16.22,3.54,23.69,38.45,27.53,34.61,21.43,21,12.06,2.63,15.94,26.92,18.8,24.06,2.02,21,2.71,0.59,0.79,3.26,1.43,2.61
Spring 2025,Santa Catalina Manalongon,29.17,4,19.12,9.56,0.0,59.6,19.6,38.73,4.79,4,4.27,2.13,0.0,11.59,2.66,6.93,50.42,4,8.46,4.23,36.96,63.87,46.19,54.65,0.62,4,1.25,0.62,0.0,2.61,0.0,1.25,0.21,4,0.42,0.21,0.0,0.87,0.0,0.42
Spring 2025,Santa Catalina Cawitan,25.83,2,33.0,23.33,0.0,322.31,2.5,49.17,0.0,2,0.0,0.0,0.0,0.0,0.0,0.0,41.25,2,20.62,14.58,0.0,226.55,26.67,55.83,4.17,2,1.18,0.83,0.0,14.76,3.33,5.0,0.83,2,0.0,0.0,0.83,0.83,0.83,0.83
Summer 2025,Salag MPA,31.76,18,7.6,1.79,27.98,35.54,29.97,33.55,16.16,18,8.21,1.93,12.08,20.24,14.22,18.09,19.72,18,9.2,2.17,15.14,24.3,17.55,21.89,8.15,18,4.54,1.07,5.89,10.41,7.08,9.22,2.18,18,2.89,0.68,0.74,3.61,1.5,2.86
Summer 2025,Andulay MPA,29.92,22,7.75,1.65,26.49,33.36,28.27,31.58,8.37,22,3.92,0.84,6.63,10.11,7.54,9.21,15.91,22,7.17,1.53,12.73,19.09,14.38,17.44,17.01,22,7.61,1.62,13.63,20.38,15.39,18.63,3.26,22,5.88,1.25,0.65,5.86,2.0,4.51
Summer 2025,Antulang,26.29,20,11.91,2.66,20.72,31.87,23.63,28.95,5.75,20,4.74,1.06,3.53,7.97,4.69,6.81,17.04,20,7.22,1.61,13.66,20.42,15.43,18.66,10.92,20,5.4,1.21,8.39,13.44,9.71,12.12,1.12,20,3.22,0.72,0.0,2.63,0.4,1.85
Summer 2025,Basak Can-Unsang MPA,18.59,13,12.09,3.35,11.28,25.9,15.24,21.94,1.15,13,1.42,0.4,0.29,2.01,0.76,1.55,10.71,13,3.77,1.05,8.43,12.98,9.66,11.75,17.5,13,10.02,2.78,11.45,23.55,14.72,20.28,0.32,13,0.93,0.26,0.0,0.88,0.06,0.58
Summer 2025,Dalakit MPA,25.5,5,5.26,2.35,18.97,32.03,23.15,27.85,2.17,5,1.26,0.57,0.6,3.74,1.6,2.73,34.67,5,14.61,6.53,16.53,52.81,28.13,41.2,5.33,5,2.33,1.04,2.44,8.22,4.29,6.37,1.33,5,0.95,0.42,0.15,2.51,0.91,1.76
Summer 2025,Guinsuan MPA,15.05,16,10.22,2.56,9.61,20.5,12.5,17.61,0.21,16,0.48,0.12,0.0,0.46,0.09,0.33,18.23,16,10.4,2.6,12.69,23.77,15.63,20.83,9.17,16,6.28,1.57,5.82,12.51,7.6,10.74,1.41,16,2.41,0.6,0.12,2.69,0.8,2.01
Summer 2025,Kookoos,36.04,20,12.02,2.69,30.42,41.67,33.35,38.73,8.38,20,7.07,1.58,5.06,11.69,6.79,9.96,20.42,20,7.64,1.71,16.84,23.99,18.71,22.13,9.12,20,8.25,1.85,5.26,12.99,7.28,10.97,1.33,20,3.25,0.73,0.0,2.85,0.61,2.06
Summer 2025,Latason MPA,23.45,14,10.68,2.85,17.29,29.62,20.6,26.31,9.05,14,10.74,2.87,2.85,15.25,6.18,11.92,17.98,14,9.21,2.46,12.66,23.29,15.52,20.44,10.77,14,7.84,2.1,6.25,15.3,8.68,12.87,0.77,14,1.58,0.42,0.0,1.69,0.35,1.2
Summer 2025,Lutoban North MPA,20.79,21,10.12,2.21,16.19,25.4,18.59,23.0,7.82,21,8.73,1.9,3.85,11.79,5.91,9.72,12.94,21,11.91,2.6,7.52,18.36,10.34,15.53,17.9,21,12.49,2.73,12.21,23.58,15.17,20.62,2.38,21,3.19,0.7,0.93,3.83,1.69,3.08
Summer 2025,Lutoban Pier,37.83,23,14.15,2.95,31.71,43.95,34.88,40.78,9.09,23,8.18,1.71,5.56,12.63,7.39,10.8,13.15,23,6.72,1.4,10.25,16.06,11.75,14.55,10.14,23,7.01,1.46,7.11,13.17,8.68,11.61,1.56,23,4.08,0.85,0.0,3.32,0.71,2.41
Summer 2025,Lutoban South MPA,16.35,21,6.5,1.42,13.39,19.31,14.93,17.77,12.14,21,9.83,2.14,7.67,16.62,10.0,14.29,12.82,21,5.79,1.26,10.18,15.46,11.55,14.08,16.11,21,12.79,2.79,10.29,21.93,13.32,18.9,1.35,21,2.26,0.49,0.32,2.38,0.86,1.84
Summer 2025,Maluay Malatapay MPA,22.8,28,15.05,2.84,16.96,28.63,19.95,25.64,0.21,28,0.43,0.08,0.04,0.38,0.13,0.29,26.1,28,10.58,2.0,22.0,30.21,24.1,28.1,25.09,28,17.66,3.34,18.24,31.94,21.75,28.43,1.61,28,4.33,0.82,0.0,3.29,0.79,2.43
Summer 2025,Mojon MPA,22.36,6,10.05,4.1,11.82,32.91,18.26,26.46,0.56,6,1.01,0.41,0.0,1.61,0.14,0.97,28.61,6,8.07,3.3,20.14,37.08,25.32,31.91,16.81,6,7.86,3.21,8.56,25.05,13.6,20.01,0.56,6,1.36,0.56,0.0,1.98,0.0,1.11
