Period,Site,Species Richness,Number of Surveys,Average Species Richness,Species Richness Shallow,Number of Surveys Shallow,Average Species Richness Shallow,Species Richness Medium,Number of Surveys Medium,Average Species Richness Medium,Species Richness Deep,Number of Surveys Deep,Average Species Richness Deep
Spring/Summer 19,Salag MPA,33,21,1.57,21.0,9.0,2.33,24.0,9.0,2.67,17.0,3.0,5.67
Autumn/Winter 19/20,Salag MPA,29,36,0.81,23.0,12.0,1.92,16.0,11.0,1.45,16.0,13.0,1.23
Spring/Summer 22,Salag MPA,6,1,6.0,,,,6.0,1.0,6.0,,,
Autumn/Winter 22/23,Salag MPA,38,23,1.65,23.0,8.0,2.88,25.0,7.0,3.57,24.0,8.0,3.0
Spring/Summer 23,Salag MPA,41,31,1.32,26.0,11.0,2.36,32.0,10.0,3.2,31.0,10.0,3.1
Autumn/Winter 23/24,Salag MPA,33,22,1.5,20.0,6.0,3.33,23.0,9.0,2.56,20.0,7.0,2.86
Spring/Summer 24,Salag MPA,39,15,2.6,24.0,4.0,6.0,20.0,6.0,3.33,24.0,5.0,4.8
Autumn/Winter 24/25,Salag MPA,40,31,1.29,26.0,11.0,2.36,25.0,10.0,2.5,26.0,10.0,2.6
Spring/Summer 25,Salag MPA,42,36,1.17,31.0,12.0,2.58,30.0,12.0,2.5,28.0,12.0,2.33
